name;price;category
Telewizor MANTA 24LFN38L;367.07;TELEWIZORY
Telewizor SENCOR SLE 22F62 FHD 12V;429.00;TELEWIZORY
Telewizor SENCOR SLE 2469 HD;499.00;TELEWIZORY
Telewizor PHILIPS 32PHT4503 HD;523.23;TELEWIZORY
Telewizor GOGEN 32cale TVH32P750ST;569.00;TELEWIZORY
Telewizor PHILIPS 24PFT5303 FHD;599.00;TELEWIZORY
Telewizor SKYMASTER 32SH4530 HD;599.00;TELEWIZORY
Telewizor PHILIPS 24PHS4304 HD;599.00;TELEWIZORY
Telewizor THOMSON 32HD3101;619.00;TELEWIZORY
Telewizor PHILIPS 24 cale 24PFS5525 FHD;649.00;TELEWIZORY
Telewizor GOGEN 32 cale TVH32R552STWEB;668.00;TELEWIZORY
Telewizor PHILIPS 32PFS4132 FHD;735.06;TELEWIZORY
Telewizor THOMSON 32HD3301W HD;749.00;TELEWIZORY
Telewizor PHILIPS 32PHS5525 HD;799.00;TELEWIZORY
Telewizor TCL 32 cale 32DD420 HD;799.00;TELEWIZORY
Telewizor MANTA 32LFN69D FHD;799.00;TELEWIZORY
Telewizor MANTA 43LUA29L UHD Smart TV;824.78;TELEWIZORY
Telewizor TOSHIBA 32W2963DG HD SmartTV;849.00;TELEWIZORY
Telewizor THOMSON 32HD5506 SmartTV;849.00;TELEWIZORY
Telewizor THOMSON 32HE5606;899.00;TELEWIZORY
Telewizor TV TOSHIBA 32 cale 32WA3B63DG HD AndroidTV;1149.00;TELEWIZORY
Telewizor SAMSUNG UE32N5302AK FHD Smart TV;1154.65;TELEWIZORY
Telewizor TOSHIBA 43V5863DG UHD;1169.00;TELEWIZORY
Telewizor PHILIPS 43 cale 43PFS5525 FHD;1199.00;TELEWIZORY
Telewizor TOSHIBA 43L2863DG FHD;1299.99;TELEWIZORY
Telewizor LG 32LM6380PLC;1299.99;TELEWIZORY
Telewizor LG 43LM6300 Smart TV Active HDR AI TV;1399.99;TELEWIZORY
Telewizor TOSHIBA 49UL3063DG;1549.99;TELEWIZORY
Telewizor LG 50UM7500 UHD Smart TV;1578.79;TELEWIZORY
Telewizor TCL 55  cale 55P610 UHD SmartTV;1649.99;TELEWIZORY
Telewizor SONY KDL43WF665 FHD;1799.99;TELEWIZORY
Telewizor TCL 55P615 UHD AndroidTV;1899.99;TELEWIZORY
Telewizor GOGEN 50 cale TVU50W652STWEB;1998.98;TELEWIZORY
Telewizor LG 49UN73003 UHD 4K AI TV;1999.99;TELEWIZORY
Telewizor GOGEN 55 cale TVU55W652STWEB;2050.00;TELEWIZORY
Telewizor PHILIPS 50 cale 50PUS7805 UHD SmartTV Ambilight;2099.99;TELEWIZORY
Telewizor SONY KD49XF7005 UHD;2229.99;TELEWIZORY
Telewizor TCL 55C715 QLED;2399.00;TELEWIZORY
Telewizor LG 50UP77003LB;2399.00;TELEWIZORY
Telewizor SAMSUNG QE43Q67AAU QLED;2399.00;TELEWIZORY
Telewizor THOMSON 65UG6300;2599.00;TELEWIZORY
Telewizor SAMSUNG UE65TU7022K;2599.00;TELEWIZORY
Telewizor SAMSUNG QLED QE55Q60RAT 100Hz;2609.98;TELEWIZORY
Telewizor SAMSUNG UE65TU7002K UHD Smart TV;2699.99;TELEWIZORY
Telewizor TCL 65P615 UHD AndroidTV;2699.78;TELEWIZORY
Telewizor LG 55UP81003LA;2749.00;TELEWIZORY
Telewizor LG 50NANO813PA NanoCell;2749.00;TELEWIZORY
Telewizor SAMSUNG QE55Q65TAU QLED Smart HDR;2750.00;TELEWIZORY
Telewizor LG 65UN71003 UHD 4K AI TV;2799.99;TELEWIZORY
Telewizor TOSHIBA 65UA3A63DG;2899.78;TELEWIZORY
Telewizor THOMSON 65UD6306 UHD SmartTV;2999.00;TELEWIZORY
Telewizor SAMSUNG QE50Q67AAU QLED;3099.65;TELEWIZORY
Telewizor LG 65UP75003LF;3294.78;TELEWIZORY
Telewizor SAMSUNG UE65RU7402U UHD Smart TV;3299.56;TELEWIZORY
Telewizor LG 65UP77003LB;3499.99;TELEWIZORY
Telewizor SONY 65 cale KE65XH9005 UHD Android TV;4599.99;TELEWIZORY
Telewizor PHILIPS 55OLED804 UHD;5123.23;TELEWIZORY
Telewizor SAMSUNG QE65Q75AAT QLED 100Hz HDR;5399.99;TELEWIZORY
Telewizor PHILIPS 55 cale 55OLED805 UHD AndroidTV Ambilight;5688.77;TELEWIZORY
Telewizor SAMSUNG QE65Q80AAT QLED HDR10+;6299.99;TELEWIZORY
Telewizor LG 65NANO953 8K;7299.87;TELEWIZORY
Telewizor LG OLED65CX3 OLED 4K Cinema HDR AI TV;7399.00;TELEWIZORY
Telewizor TECHNISAT TECHNIVISTA 65 tytanowy;7510.00;TELEWIZORY
Telewizor PHILIPS 65 cale 65OLED805 UHD AndroidTV Ambilight;7997.99;TELEWIZORY
Telewizor SONY XR55A80J OLED UHD SMART TV;7998.98;TELEWIZORY
Telewizor SAMSUNG QE75Q75AAT QLED 100Hz HDR;8499.00;TELEWIZORY
Telewizor SONY KD65A8 OLED UHD Smart TV HDR10;8999.00;TELEWIZORY
Telewizor LG OLED65GX3 OLED Gallery 4K Cinema HDR AI TV;8999.00;TELEWIZORY
Telewizor LG 65C11LB OLED 100Hz DOLBY VISION;9499.99;TELEWIZORY
Telewizor SAMSUNG QLED QE75Q800TAT 8K 100Hz;9800.00;TELEWIZORY
Telewizor SAMSUNG QE65QN91AAT Neo QLED;9999.99;TELEWIZORY
Telewizor TECHNISAT TECHNIVISTA 75 tytanowy;10480.00;TELEWIZORY
Telewizor SAMSUNG QLED QE65Q950TST 8K 100Hz;11499.99;TELEWIZORY
Telewizor SAMSUNG QE75QN91AAT Neo QLED;12999.99;TELEWIZORY
Telewizor SAMSUNG QE85QN85AAT Neo QLED;14999.99;TELEWIZORY
Telewizor LG 77B13LA OLED 100Hz DOLBY VISION;16499.99;TELEWIZORY
Telewizor LG 77G13LA OLED 100Hz DOLBY VISION;20999.00;TELEWIZORY
Telewizor SAMSUNG QE85QN900AT Neo QLED;39999.00;TELEWIZORY
Słuchawki nagłowne Vakoss SK601HV;11.74;SŁUCHAWKI
Słuchawki FOREVER SE-400 biały;14.99;SŁUCHAWKI
Słuchawki douszne HAMA BASIC4MUSIC BIAŁE;16.90;SŁUCHAWKI
Słuchawki THOMSON EAR3008 PICCOLINO CZARNE;19.99;SŁUCHAWKI
Słuchawki nagłowne NATEC CRANE + MIKROFON NSL-0780;22.88;SŁUCHAWKI
Słuchawki douszne THOMSON EAR3056 czarny;24.99;SŁUCHAWKI
Słuchawki douszne PANASONIC RP-HJE125E-P;25.67;SŁUCHAWKI
Słuchawki douszne PHILIPS SHE3700RD/00 Czerwone;29.99;SŁUCHAWKI
Słuchawki douszne PANASONIC RP-HJE125E-W;29.99;SŁUCHAWKI
JBL Słuchawki Douszne T110 Białe;34.99;SŁUCHAWKI
JBL Słuchawki Douszne T110 Niebieskie;34.99;SŁUCHAWKI
Słuchawki douszne XX.Y IMOVE SH01 ORANGE;34.99;SŁUCHAWKI
Słuchawki douszne SONY MDR-EX15LPPI;34.99;SŁUCHAWKI
Słuchawki JBL T205 Czarne;79.99;SŁUCHAWKI
Słuchawki LIOCAT HP 585 C;79.99;SŁUCHAWKI
Słuchawki PANASONIC RP-NJ310BE-W - Białe;168.99;SŁUCHAWKI
Słuchawki nagłowne JBL Quantum 100 przewodowe czarne;179.99;SŁUCHAWKI
Słuchawki CORSAIR HS35 Carbon;189.99;SŁUCHAWKI
Słuchawki douszne SBS RAPTOR 400 BT TWS Czarne;279.99;SŁUCHAWKI
Słuchawki douszne JBL BT TWS JBL FREE 2 Czarne;299.99;SŁUCHAWKI
Słuchawki douszne JBL BT TWS T220 czarne;319.00;SŁUCHAWKI
Słuchawki douszne HUAWEI BT TWS FreeBuds Pro Białe;589.99;SŁUCHAWKI
Słuchawki douszne HUAWEI BT TWS FreeBuds Pro Srebne;589.99;SŁUCHAWKI
Słuchawki douszne SAMSUNG BT TWS Galaxy Buds Live białe;701.00;SŁUCHAWKI
Słuchawki APPLE AirPods 2 z Etui Ładującym Indukcyjnym;739.99;SŁUCHAWKI
Słuchawki APPLE AirPods 2 z Etui Ładującym Indukcyjnym;739.99;SŁUCHAWKI-IPHONE
Słuchawki nagłowne APPLE BT AirPods Max - Silver;2799.00;SŁUCHAWKI-IPHONE
Słuchawki BEZPRZEWODOWE;299.00;SŁUCHAWKI-IPHONE
Wieża DENON D-M41 (RCDM-41/SCM-41) Black;1699.00;HI-FI-AUDIO
Wieża PANASONIC SC-PM250EC-S;349.00;HI-FI-AUDIO
Wieża SONY CMT-SBT20;359.00;HI-FI-AUDIO
Wieża BLAUPUNKT MS50BT;599.00;HI-FI-AUDIO
Wieża BLAUPUNKT MS40BT;449.00;HI-FI-AUDIO
Wieża DENON D-M41 czarny / wiśniowy (RCDM-41/SCM-41);1788.00;HI-FI-AUDIO
Wieża BLAUPUNKT MC200BT;1009.34;HI-FI-AUDIO
Wieża BLAUPUNKT MS14BT;329.99;HI-FI-AUDIO
Wieża MUSE M-692 BTC;549.00;HI-FI-AUDIO
Radio DAB TECHNISAT DIGITRADIO 631 CZARNY;1700.00;HI-FI-AUDIO
UCHWYT TV;199.00;UCHWYTY-TV
UCHWYT TV;108.88;UCHWYTY-TV
UCHWYT TV;384.00;UCHWYTY-TV
UCHWYT TV;89.99;UCHWYTY-TV
UCHWYT TV;438.88;UCHWYTY-TV
UCHWYT TV PANEL;1199.00;UCHWYTY-TV
UCHWYT TV;699.00;UCHWYTY-TV
UCHWYT TV;549.00;UCHWYTY-TV
UCHWYT TV;548.88;UCHWYTY-TV
UCHWYT TV;469.00;UCHWYTY-TV
UCHWYT TV;380.00;UCHWYTY-TV
UCHWYT TV;349.65;UCHWYTY-TV
UCHWYT TV;299.99;UCHWYTY-TV
Lodówka side by side LIEBHERR SBSes 8496 Premium NoFrost;24999.99;LODÓWKI
Lodówka side by side SAMSUNG RF65A977FSG FAMILY HUB Kostkarka NoFrost;14999.99;LODÓWKI
Lodówka side by side SAMSUNG FAMILY HUB RS6HA8880B1 Kostkarka NoFrost;8999.00;LODÓWKI
Lodówka LIEBHERR CNef 5735 Comfort;7159.87;LODÓWKI
Lodówka side by side SAMSUNG Prestige Collection RS68N8671SL Kostkarka;6899.00;LODÓWKI
Lodówka side by side LG INSTAVIEW GSX961NSAZ Kostkarka NoFrost;6889.00;LODÓWKI
Lodówka SAMSUNG RF23 R62E3 B1 Kostkarka NoFrost;6199.00;LODÓWKI
Lodówka BOSCH KAG93AIEP Kostkarka NoFrost;6199.00;LODÓWKI
Lodówka side by side SAMSUNG RF50K5920S8 NoFrost Srebrna;5599.00;LODÓWKI
Lodówka SIEMENS KG39NHXEP NoFrost Czarna;5399.00;LODÓWKI
Lodówka side by side BOSCH KAD90VI20 Kostkarka;5149.00;LODÓWKI
Lodówka GORENJE ONRK193C-L NoFrost;4999.00;LODÓWKI
Lodówka side by side SAMSUNG RS68A8840WW Kostkarka NoFrost;4899.00;LODÓWKI
Lodówka GORENJE ONRK193BK-L NoFrost Czarna;4799.00;LODÓWKI
Lodówka side by side BEKO GN1416231JXN Kostkarka NoFrost;4659.00;LODÓWKI
Lodówka side by side SAMSUNG RS67A8811B1 Kostkarka NoFrost;4599.00;LODÓWKI
Lodówka side by side SAMSUNG RS67A8811S9 Kostkarka NoFrost;4199.00;LODÓWKI
Lodówka side by side SAMSUNG RS68A8820S9 Kostkarka NoFrost;4199.00;LODÓWKI
Lodówka GORENJE NRK612ORAW NoFrost Biała;3999.00;LODÓWKI
Lodówka side by side LG GSL361ICEZ Kostkarka NoFrost;3899.00;LODÓWKI
Lodówka side by side SAMSUNG RS50N3913BC Kostkarka NoFrost;3849.00;LODÓWKI
Lodówka side by side GORENJE NRS9182VB Kostkarka Czarna;3799.00;LODÓWKI
Lodówka side by side SAMSUNG RS68N8340B1 Kostkarka Czarna;3699.00;LODÓWKI
Lodówka BOSCH KGN39VLDA NoFrost Srebrna;3499.00;LODÓWKI
Lodówka side by side SAM COOK MULTI DOOR BLACK PSC-WG-1010B NoFrost Czarna;3499.00;LODÓWKI
Lodówka BOSCH KGN39VL45;3399.00;LODÓWKI
Lodówka SAMSUNG RB33R8737S9 NoFrost Srebrna;3369.00;LODÓWKI
Lodówka side by side SAMSUNG Prestige Collection RS66N8100S9 NoFrost;3299.00;LODÓWKI
Lodówka LG GBB72MCCXN NoFrost Czarna;3299.00;LODÓWKI
Lodówka side by side SAMSUNG RS66A8100S9 NoFrost Srebrna;3299.00;LODÓWKI
Lodówka BOSCH KGE39AICA Srebrna;2999.00;LODÓWKI
Lodówka ELECTROLUX LNT7ME34K1 NoFrost Biała;2999.00;LODÓWKI
Lodówka SAMSUNG RB38A6B2E22 BESPOKE Czarna NoFrost;2999.00;LODÓWKI
Lodówka SAM COOK PSC-WG-1020AA/B Czarna;2949.00;LODÓWKI
Lodówka LIEBHERR CN 4015 Comfort NoFrost Biała;2899.00;LODÓWKI
Lodówka GRUNDIG GKN16835X NoFrost Srebrna;2699.00;LODÓWKI
Lodówka LG GBB72PZVFN NoFrost Srebrna;2499.00;LODÓWKI
Lodówka SAMSUNG RR39M7565B1 NoFrost Czarna;2499.00;LODÓWKI
Lodówka BOSCH KGN39MBER NoFrost Czarna;2499.00;LODÓWKI
Lodówka side by side GORENJE NRS9181MX NoFrost;2399.00;LODÓWKI
Lodówka SAMSUNG RB37K6033SS NoFrost Srebrna;2399.00;LODÓWKI
Lodówka SAMSUNG RB38T672ESA NoFrost Srebrna;2399.00;LODÓWKI
Lodówka LG GBB61PZJZN NoFrost Srebrna;2389.99;LODÓWKI
Lodówka ELECTROLUX LRT5MF38U0;2389.99;LODÓWKI
Lodówka WHIRLPOOL BTNF 5323 OX NoFrost Srebrna;2299.00;LODÓWKI
Lodówka MPM 110-CZ-12;639.00;LODÓWKI
Lodówka MPM 125-CZ-08H;699.00;LODÓWKI
Lodówka ZANUSSI ZXAN13FW0;779.00;LODÓWKI
Lodówka GORENJE RF4141PW4;799.00;LODÓWKI
Lodówka HAIER HTM 546W;899.00;LODÓWKI
Lodówka AMICA FD207.4;899.00;LODÓWKI
Lodówka GORENJE RK4161PW4 Biała;949.00;LODÓWKI
Lodówka BEKO DSK240K31WN;989.00;LODÓWKI
Lodówka MPM 199-KB-36W Biała;999.00;LODÓWKI
Lodówka BEKO DSA240K31WN;999.00;LODÓWKI
Lodówka MPM 182-KB-33 Srebrna;999.99;LODÓWKI
Lodówka BEKO RCSK240K30WN Biała;1039.00;LODÓWKI
Lodówka AMICA FK244.4 Biała;1049.98;LODÓWKI
Lodówka GORENJE RK4181PW4 Biała;1049.00;LODÓWKI
Lodówka BEKO RCSA210K20W Biała;1049.00;LODÓWKI
Lodówka GORENJE RK4161PS4 Srebrna;1048.00;LODÓWKI
Lodówka AMICA FD2385.4X;1049.00;LODÓWKI
Lodówka AMICA FD 2325.4XI Srebrna;1199.00;LODÓWKI
Lodówka BEKO CSA240K31SN Srebrna;1199.00;LODÓWKI
Lodówka AMICA FK2415.3UX Srebrna;1199.00;LODÓWKI
Lodówka ELECTROLUX LTB1AF28U0;1199.00;LODÓWKI
Lodówka BEKO CSK240K31SN;1199.00;LODÓWKI
Lodówka MPM 327-FF-23 NoFrost Srebrna;1294.00;LODÓWKI
Lodówka WHIRLPOOL W5 811E OX Srebrna;1349.00;LODÓWKI
Lodówka AMICA FK2695.4FT NoFrost Biała;1399.00;LODÓWKI
Lodówka WHIRLPOOL WFNF81EOX1;1399.00;LODÓWKI
Lodówka ELECTROLUX LRB2DF32W Biała;1399.00;LODÓWKI
Lodówka GORENJE NRK4181CS4 NoFrost Srebrna;1399.00;LODÓWKI
Lodówka AMICA FK2695.2FTX NoFrost Srebrna;1429.99;LODÓWKI
Lodówka BOSCH KGV33VLEA Srebrna;1434.49;LODÓWKI
Lodówka retro AMICA RETRO KGC15630R Czerwona;1447.00;LODÓWKI
Lodówka ELECTROLUX EN3201MOW Biała;1449.00;LODÓWKI
Lodówka LIEBHERR CU 2831 Comfort Biała;1499.00;LODÓWKI
Lodówka LIEBHERR CUel 2331 Comfort Srebrna;1499.00;LODÓWKI
Lodówka BEKO CNA295K30XPN NoFrost Srebrna;1499.99;LODÓWKI
Lodówka ELECTROLUX LRB2DF32X Srebrna;1599.00;LODÓWKI
Lodówka ELECTROLUX LNT3LE34W4 Biała;1599.00;LODÓWKI
Lodówka WHIRLPOOL W7 821O OX NoFrost Srebrna;1599.00;LODÓWKI
Lodówka ELECTROLUX LNT3LE31X1 Srebrna;1599.00;LODÓWKI
Lodówka BOSCH KGN36KWEAE NoFrost Biała;1599.00;LODÓWKI
Lodówka retro AMICA RETRO KGC15634S Czarna;1639.00;LODÓWKI
Lodówka GORENJE NRK6201EW4 NoFrost Biała;1649.00;LODÓWKI
Lodówka ELECTROLUX LNT3LE34X4 Srebrna;1649.00;LODÓWKI
Lodówka SAMSUNG RB31FERNDBC NoFrost Czarna;1699.00;LODÓWKI
Lodówka WHIRLPOOL W7821IW NoFrost Biała;1699.00;LODÓWKI
Lodówka AMICA FK3356N.2DFX NoFrost Srebrna;1699.99;LODÓWKI
Lodówka AMICA FK 3556.2FZAA NoFrost Biała;1712.00;LODÓWKI
Lodówka BOSCH KGV33VW31E Biała;1749.00;LODÓWKI
Lodówka SAMSUNG RB33J3420WW NoFrost Biała;1788.00;LODÓWKI
Lodówka BEKO RCNA366E30ZXB NoFrost Srebrna;1789.00;LODÓWKI
Lodówka GORENJE R6191DW Biała;1799.00;LODÓWKI
Lodówka BEKO RCNE366E30ZXB NoFrost Srebrna;1799.00;LODÓWKI
Lodówka SAMSUNG RB34T672DSA NoFrost Srebrna;1845.45;LODÓWKI
Lodówka LG GBP32DSLZN NoFrost Srebrna;1849.00;LODÓWKI
Lodówka SAMSUNG RB38T600EB1 NoFrost;1899.00;LODÓWKI
Lodówka LG GBB61DSHMN NoFrost Srebrna;1899.00;LODÓWKI
Lodówka SAMSUNG RB37J5225SS NoFrost Srebrna;1899.00;LODÓWKI
Lodówka WHIRLPOOL W7 931A W NoFrost Biała;1899.00;LODÓWKI
Lodówka WHIRLPOOL SW8AM2YXR2 Srebrna;1899.00;LODÓWKI
Lodówka SAMSUNG RB30J3405S9;1899.99;LODÓWKI
Lodówka BEKO RCNA406I40XBRN NoFrost Srebrna;1899.00;LODÓWKI
Lodówka BEKO RCNA406E30ZXB NoFrost Srebrna;1939.00;LODÓWKI
Lodówka LG GBB61DSHZN NoFrost Srebrna;1989.00;LODÓWKI
Lodówka BEKO RCNA366E40ZXBN NoFrost Srebrna;1989.00;LODÓWKI
Lodówka SAMSUNG RB33N300NSA NoFrost Srebrna;1999.00;LODÓWKI
Lodówka LG GBB61BLJZN NoFrost Czarna;1999.00;LODÓWKI
Lodówka GORENJE NRK621SYW4 NoFrost Biała;1999.00;LODÓWKI
Lodówka SAMSUNG RB33N340NSA NoFrost Srebrna;1999.00;LODÓWKI
Lodówka AMICA FC3616.3DFX Srebrna;1999.00;LODÓWKI
Lodówka BOSCH KGV39VWEA Biała;1999.00;LODÓWKI
Lodówka SAMSUNG RB33J3205SA;1999.00;LODÓWKI
Lodówka LG GBP32SWLZN NoFrost Biała;2049.00;LODÓWKI
Lodówka AMICA RETRO FK2965.3LAA Niebieska;2099.00;LODÓWKI
Lodówka BEKO RCNA406E40ZXBN NoFrost Srebrna;2099.00;LODÓWKI
Lodówka WHIRLPOOL W7 831T MX NoFrost Srebrna;2099.00;LODÓWKI
Lodówka LG GBB62SWGFN NoFrost Biała;2099.00;LODÓWKI
Lodówka SAMSUNG RB34N5200SA NoFrost Srebrna;2149.00;LODÓWKI
Lodówka MIDEA HD-468RWE2N NoFrost Srebrna;2149.00;LODÓWKI
Lodówka LG GBP32DSKZN NoFrost Srebrna;2199.00;LODÓWKI
Lodówka LG GBB61BLJMN NoFrost Czarna;2199.00;LODÓWKI
Lodówka LG GBB62PZJMN NoFrost Srebrna;2199.00;LODÓWKI
Lodówka LG GBB61PZJMN NoFrost Srebrna;2199.00;LODÓWKI
Lodówka WHIRLPOOL W7 931A OX NoFrost Srebrna;2199.00;LODÓWKI
Lodówka SAMSUNG RB34K6232SS NoFrost Srebrna;2199.00;LODÓWKI
Lodówka LG GBB61PZFFN NoFrost Srebrna;2199.00;LODÓWKI
Lodówka SAMSUNG RB34K6063S4 NoFrost Srebrna;2259.00;LODÓWKI
Lodówka BOSCH KGN36MLEA NoFrost Srebrna;2299.54;LODÓWKI
Lodówka LG GBF61PZJMN NoFrost Srebrna;2299.00;LODÓWKI
Pralka ładowana od przodu WHIRLPOOL FFB 7238 BV PL;1249.00;PRALKI
Pralka ładowana od przodu BOSCH WAN2407KPL;1299.00;PRALKI
Pralka ładowana od przodu BEKO SWRE7512XWW2E;899.00;PRALKI
Pralka ładowana od przodu ELECTROLUX EW6S426BP;1199.00;PRALKI
Pralka ładowana od przodu AMICA WA2S714BKiSVH;1549.00;PRALKI
Pralka ładowana od przodu SAMSUNG WW80TA026AE Ecobubble;1499.00;PRALKI
Pralka ładowana od przodu BEKO EWUE8736N;1499.00;PRALKI
Pralka ładowana od przodu BOSCH i-Dos WAU28PK0PL;2799.00;PRALKI
Pralka ładowana od przodu ELECTROLUX EW6F448BUP;1339.99;PRALKI
Pralka ładowana od przodu HOTPOINT NS 703U W PL;999.99;PRALKI
Pralka ładowana od przodu LG F2WN2S6S3E;1499.00;PRALKI
Pralka ładowana od przodu LG F4WN207N3E;1399.00;PRALKI
Pralka ładowana od przodu ELECTROLUX EW6S306SPX;1299.00;PRALKI
Pralka ładowana od przodu INDESIT MTWA 61051 W PL;899.00;PRALKI
Pralka ładowana od przodu SAMSUNG WW80T754ABH Q-bubble Addwash;2599.00;PRALKI
Pralka ładowana od przodu LG F2WN2S7S4E;1749.00;PRALKI
Pralka ładowana od przodu BOSCH WAN2419KPL;1249.00;PRALKI
Pralka ładowana od przodu WHIRLPOOL FFB 6238 W PL;1249.00;PRALKI
Pralka ładowana od przodu ELECTROLUX EW6F328WUP;1449.00;PRALKI
Pralka ładowana od przodu LG VIVACE F2WN4S6S1;1399.00;PRALKI
Pralka ładowana od przodu LG VIVACE F4WV509S1E;2199.00;PRALKI
Pralka ładowana od przodu BOSCH WAJ2006KPL;1199.00;PRALKI
Pralka ładowana od przodu SAMSUNG WW70TA026AX Ecobubble;1699.00;PRALKI
Pralka ładowana od przodu BEKO WUE6636AWE;1149.00;PRALKI
Pralka ładowana od przodu GORENJE WHP74ES/PL;1199.00;PRALKI
Pralka ładowana od przodu SIEMENS WM6HXF42PL;5519.00;PRALKI
Pralka ładowana od przodu BOSCH WAX32KH2BY;5399.00;PRALKI
Pralka ładowana od przodu BOSCH WAY288H0PL;4049.00;PRALKI
Pralka ładowana od przodu ELECTROLUX EW9F149SP;3949.00;PRALKI
Pralka ładowana od przodu BOSCH i-Dos WAU28PK0PL;2799.00;PRALKI
Pralka ładowana od przodu BOSCH WAU28S60PL;2539.00;PRALKI
Pralka ładowana od przodu TCL FF0914SD0PL;2149.99;PRALKI
Pralka ładowana od przodu TCL FF0914WD0PL;2149.00;PRALKI
Pralka ładowana od przodu SAMSUNG WW80T654DLH AddWash AI Control;2099.99;PRALKI
Pralka ładowana od przodu BOSCH OXYGEN WAT2876KPL;2099.84;PRALKI
Pralka ładowana od przodu TCL FF0814SD0PL;1999.99;PRALKI
Pralka ładowana od przodu BOSCH WAT2446KPL;1999.00;PRALKI
Pralka ładowana od przodu SAMSUNG WW70T552DAE AddWash AI Control;1999.00;PRALKI
Pralka ładowana od góry ELECTROLUX EW8T3372P;1999.99;PRALKI
Pralka ładowana od przodu SAMSUNG WW80AA126AE Slim Ecobubble;1888.88;PRALKI
Pralka ładowana od przodu BOSCH WAN2429KPL;1777.77;PRALKI
Pralka ładowana od przodu LG F4WV309N3E;1749.54;PRALKI
Pralka ładowana od przodu SAMSUNG WW90TA046AE Ecobubble;1749.33;PRALKI
Pralka ładowana od przodu LG F4J6QY0W;1749.00;PRALKI
Pralka ładowana od przodu WHIRLPOOL FWD91496WSEU;1699.00;PRALKI
Pralka ładowana od przodu CANDY BIANCA BWM 148PH7/1-S;1699.00;PRALKI
Pralka ładowana od przodu AMICA WA2S814BKiSVH;1699.00;PRALKI
Pralka ładowana od przodu BEKO WTV8736XAWD;1599.00;PRALKI
Pralka ładowana od przodu CANDY SmartPro CSO 14105T3/1-S;1599.00;PRALKI
Pralka ładowana od przodu BOSCH WAN242SKPL;1599.00;PRALKI
Pralka ładowana od przodu GORENJE WA824;1599.00;PRALKI
Pralka ładowana od przodu BOSCH WAN2427KPL;1599.66;PRALKI
Pralka ładowana od przodu SAMSUNG WW70TA026AH Ecobubble;1499.00;PRALKI
Pralka ładowana od przodu LG F2WN2S6S3E;1499.00;PRALKI
Zmywarka SIEMENS SN27YI01CE;4399.00;ZMYWARKI
Zmywarka SIEMENS SN278I36UE;3999.00;ZMYWARKI
Zmywarka LG DF415HSS;3499.00;ZMYWARKI
Zmywarka BOSCH SMS6ECI03E;3269.99;ZMYWARKI
Zmywarka BOSCH SMS6ECI93E;3099.00;ZMYWARKI
Zmywarka BOSCH SMS6EDI06E;2899.00;ZMYWARKI
Zmywarka SIEMENS SN23EI26CE;2799.00;ZMYWARKI
Zmywarka SIEMENS SR25ZI11ME;2749.00;ZMYWARKI
Zmywarka BOSCH SMS68UI02E;2699.00;ZMYWARKI
Zmywarka BOSCH SMS4EVW14E;2399.00;ZMYWARKI
Zmywarka BOSCH SMS4HAI48E;2199.00;ZMYWARKI
Zmywarka BOSCH SMS2HCI12E;2149.00;ZMYWARKI
Zmywarka SIEMENS SR23EI28ME;2049.00;ZMYWARKI
Zmywarka BOSCH SPS4EMI28E;1899.00;ZMYWARKI
Zmywarka BOSCH SMS25KI01E;1899.00;ZMYWARKI
Zmywarka BOSCH SMS 46HI04E;1899.00;ZMYWARKI
Zmywarka BOSCH SPS2IKI04E;1889.00;ZMYWARKI
Zmywarka SK26E822EU;1879.00;ZMYWARKI
Zmywarka WHIRLPOOL WFO3T2236.5PX;1849.00;ZMYWARKI
Zmywarka BOSCH SMS25AI02E;1829.00;ZMYWARKI
Zmywarka CANDY Brava CDPMN 4S622PX;1799.00;ZMYWARKI
Zmywarka ELECTROLUX ESF9510LOX;1799.00;ZMYWARKI
Zmywarka BOSCH SPS2IKW04E;1749.00;ZMYWARKI
Zmywarka BOSCH SPS4HMI61E;1749.00;ZMYWARKI
Zmywarka CANDY Brava CDPN 4D620PX;1749.00;ZMYWARKI
Zmywarka BOSCH SMS4HVI31E;1699.00;ZMYWARKI
Zmywarka SIEMENS SN215I01AE;1699.00;ZMYWARKI
Zmywarka BOSCH SPS 45II05E;1679.00;ZMYWARKI
Zmywarka BOSCH SPS2XMI01E;1659.00;ZMYWARKI
Zmywarka SIEMENS SN23II08TE;1599.00;ZMYWARKI
Zmywarka SAMSUNG DW60M6050FS;1599.00;ZMYWARKI
Zmywarka BOSCH SMS2HTI54E;1599.00;ZMYWARKI
Zmywarka ELECTROLUX ESM82310SX;1599.00;ZMYWARKI
Zmywarka CANDY CDP 2D1145X;1599.00;ZMYWARKI
Zmywarka ELECTROLUX ESF4661ROX;1599.00;ZMYWARKI
Zmywarka BOSCH SMS 25AI07E;1599.00;ZMYWARKI
Zmywarka BOSCH SMS25AI03E;1569.00;ZMYWARKI
Zmywarka AMICA DFM436ACSH;1599.00;ZMYWARKI
Zmywarka BOSCH SMS2ITI04E;1549.00;ZMYWARKI
Zmywarka BOSCH SMS25AW02E;1549.00;ZMYWARKI
Zmywarka BEKO DFN28422X;1549.99;ZMYWARKI
Zmywarka BEKO DFN28422W;1539.00;ZMYWARKI
Zmywarka ELECTROLUX ESF4513LOX;1499.00;ZMYWARKI
Zmywarka BEKO DFS29030X;1499.00;ZMYWARKI
Zmywarka ELECTROLUX ESA22100SX;1499.00;ZMYWARKI
Zmywarka SIEMENS SK26E821EU;1499.00;ZMYWARKI
Zmywarka WHIRLPOOL WFC 3C26 PF X;1499.00;ZMYWARKI
Zmywarka AMICA DFM44D7EOqWH;1499.00;ZMYWARKI
Zmywarka CANDY Brava CDPN 1D640PW;1449.00;ZMYWARKI
Zmywarka AMICA DFM42D7TOqSH;1399.00;ZMYWARKI
Zmywarka BOSCH SKS51E32EU;1399.00;ZMYWARKI
Zmywarka AMICA DFM636ACWH;1399.00;ZMYWARKI
Zmywarka AMICA DFM404SNA;1399.00;ZMYWARKI
Zmywarka AMICA DFM636ACSHJ;1349.00;ZMYWARKI
Zmywarka BOSCH SMS2ITW04E;1349.00;ZMYWARKI
Zmywarka AMICA DFM42D7TOqWH;1349.00;ZMYWARKI
Zmywarka AMICA DFM436ACWH;1299.00;ZMYWARKI
Zmywarka WHIRLPOOL WFC 3C26;1299.00;ZMYWARKI
Zmywarka AMICA DFM404WNA;1299.00;ZMYWARKI
Zmywarka ELECTROLUX ESF5512LOW;1299.00;ZMYWARKI
Zmywarka BEKO DFS26024W;1299.00;ZMYWARKI
Zmywarka CANDY Brava CDPN 2D360PX;1280.66;ZMYWARKI
Zmywarka ELECTROLUX ESF2400OS;1267.00;ZMYWARKI
Zmywarka AMICA DFM41E6qISN;1249.00;ZMYWARKI
Zmywarka WHIRLPOOL WSFE2B19;1249.00;ZMYWARKI
Zmywarka AMICA DFM61E6qISN;1244.00;ZMYWARKI
Zmywarka BOSCH SMS24AW00E;1199.00;ZMYWARKI
Zmywarka INDESIT DSFO3T224;1199.00;ZMYWARKI
Zmywarka BEKO DFS05013S;1189.00;ZMYWARKI
Zmywarka INDESIT DFE 1B19 14;1149.00;ZMYWARKI
Zmywarka ELECTROLUX ESF5201LOW;1149.00;ZMYWARKI
Zmywarka CANDY Brava CDPN 1L390PW;1061.64;ZMYWARKI
Zmywarka AMICA DFM41E6qWN;1049.00;ZMYWARKI
Zmywarka AMICA DFM604WNA;999.00;ZMYWARKI
Zmywarka INDESIT DSFE1B10;999.99;ZMYWARKI
Mikrofalówka WHIRLPOOL MWP 3391 SX;1299.00;MIKROFALÓWKI
Mikrofalówka WHIRLPOOL MWP 339 SB;1299.00;MIKROFALÓWKI
Mikrofalówka WHIRLPOOL MWP 338 SX;1199.00;MIKROFALÓWKI
Mikrofalówka WHIRLPOOL MWP 338 SB;1139.00;MIKROFALÓWKI
Mikrofalówka WHIRLPOOL MCP349SL;779.00;MIKROFALÓWKI
Mikrofalówka WHIRLPOOL MCP 349 WH;749.00;MIKROFALÓWKI
Mikrofalówka WHIRLPOOL MWF 206SB;669.00;MIKROFALÓWKI
Mikrofalówka GORENJE MO235SYW;649.00;MIKROFALÓWKI
Mikrofalówka WHIRLPOOL MWF 203SB;549.00;MIKROFALÓWKI
Mikrofalówka SAMSUNG MG28 J5255 UW;539.00;MIKROFALÓWKI
Mikrofalówka WHIRLPOOL MWP303SB;529.00;MIKROFALÓWKI
Mikrofalówka WHIRLPOOL MWF 420 BL PL;519.00;MIKROFALÓWKI
Mikrofalówka BOSCH HMT84G451;516.57;MIKROFALÓWKI
Mikrofalówka SAMSUNG MS23 K3513 AK;499.00;MIKROFALÓWKI
Mikrofalówka SAMSUNG MG 23H3115 NK;499.00;MIKROFALÓWKI
Mikrofalówka BEKO MGF23210X;449.76;MIKROFALÓWKI
Mikrofalówka SAMSUNG ME 83X-P;439.00;MIKROFALÓWKI
Mikrofalówka AMICA AMGF20E1GFB;399.00;MIKROFALÓWKI
Mikrofalówka WHIRLPOOL MWP 252SB;379.00;MIKROFALÓWKI
Mikrofalówka GORENJE MMO20DGWII;379.00;MIKROFALÓWKI
Mikrofalówka SENCOR SMW 6320;369.00;MIKROFALÓWKI
Mikrofalówka BOSCH HMT 75M451;359.00;MIKROFALÓWKI
Mikrofalówka GORENJE MMO20DEII;349.00;MIKROFALÓWKI
Mikrofalówka GORENJE MO20E2W;339.00;MIKROFALÓWKI
Mikrofalówka WHIRLPOOL MWD121SL;329.00;MIKROFALÓWKI
Mikrofalówka WHIRLPOOL MWP 203W;329.77;MIKROFALÓWKI
Mikrofalówka AMICA AMMF20M1S;319.00;MIKROFALÓWKI
Mikrofalówka AMICA AMGF23E1GS;309.00;MIKROFALÓWKI
Mikrofalówka ETA 020990000;299.00;MIKROFALÓWKI
Mikrofalówka BEKO MOC20100W;299.00;MIKROFALÓWKI
Mikrofalówka AMICA AMMF20M1I;299.00;MIKROFALÓWKI
Mikrofalówka GORENJE MO17E1S;298.00;MIKROFALÓWKI
Mikrofalówka GORENJE MO20E1S;289.00;MIKROFALÓWKI
Mikrofalówka ETA 020990010;279.00;MIKROFALÓWKI
Mikrofalówka WHIRLPOOL MWP 101 SB;269.00;MIKROFALÓWKI
Mikrofalówka AMICA AMMF20M1GI;249.00;MIKROFALÓWKI
Mikrofalówka AMICA AMMF20M1B;249.00;MIKROFALÓWKI
Mikrofalówka AMICA AMSF20M1S;239.00;MIKROFALÓWKI
Sól do zmywarki FINISH sól do zmywarki 4 kg;14.69;AKCESORIA-ZMYWARKI
SOMAT Sól do zmywarki Extra Power 1.5kg;12.99;AKCESORIA-ZMYWARKI
Sól do zmywarki ORO zmiękczająca wodę 2kg 000000124;9.99;AKCESORIA-ZMYWARKI
Sól do zmywarki OXO Sól 1.5kg;7.99;AKCESORIA-ZMYWARKI
FINISH Zestaw startowy do zmywarki FINISH Ultimate;199.99;AKCESORIA-ZMYWARKI
Fairy Kapsułki AIO LEMON 84;84.99;AKCESORIA-ZMYWARKI
Fairy Kapsułki PLATINUM LEMON 70;84.99;AKCESORIA-ZMYWARKI
FINISH Kapsułki Quantum Max 45 regularne;49.99;AKCESORIA-ZMYWARKI
FINISH Kapsułki Quantum Ultimate 51 cytrynowe;49.99;AKCESORIA-ZMYWARKI
proszek do zmywarki Classic 2,5 kg cytrynowy;39.99;AKCESORIA-ZMYWARKI
FINISH Tabletki All-in-1 Max 45 regularne;39.99;AKCESORIA-ZMYWARKI
FROSCH Sodowe tabletki do zmywarek 30 szt.;29.99;AKCESORIA-ZMYWARKI
FINISH Kapsułki Quantum Max 36 cytrynowe;29.24;AKCESORIA-ZMYWARKI
SOMAT Tabletki do zmywarki CLASSIC 60 szt.;23.29;AKCESORIA-ZMYWARKI
FINISH QUANTUM 10 SZTUK;19.99;AKCESORIA-ZMYWARKI
Tabletki FINISH all-in-1;9.99;AKCESORIA-ZMYWARKI
FINISH Płyn nabłyszczający Shine&Protect 800 ml cytrynowy;20.02;AKCESORIA-ZMYWARKI
FINISH Płyn nabłyszczający Shine and Dry Lemon 400 ml;12.99;AKCESORIA-ZMYWARKI
OXO Płyn nabłyszczający 500ml;6.99;AKCESORIA-ZMYWARKI
LUDWIK Płyn nabłyszczający do zmywarek 750ml;19.99;AKCESORIA-ZMYWARKI
Odkamieniacz w proszku 250g;22.99;AKCESORIA-ZMYWARKI
FINISH Odswiezacz cytrynowy FINISH CitroFresh;14.99;AKCESORIA-ZMYWARKI
FINISH Środek do czyszczenia zmywarek FINISH 250 ml;14.99;AKCESORIA-ZMYWARKI
DR. BECKMANN Spray do lodówek 250ml;24.99;AKCESORIA-LODÓWKI
BLITZ PROFESSIONELL DO CZYSZCZENIA LODÓWKI 500 ml;14.99;AKCESORIA-LODÓWKI
NANOMAX Środek do czyszczenia plastiku RTV I AGD 500ml;17.99;AKCESORIA-LODÓWKI
DR. BECKMANN Spray do lodóweK;19.99;AKCESORIA-LODÓWKI
FROSCH Jałowcowy środek czyszczący do lodówek i mikrofalówek 300 ml;19.98;AKCESORIA-LODÓWKI
LAMART Zestaw pojemników LT6001 (5 szt.);79.99;AKCESORIA-LODÓWKI
TEFAL Zestaw 3 pojemników prostokątnych MASTERSEAL 0.55/1/2.30l K3028912;49.99;AKCESORIA-LODÓWKI
SISTEMA Pojemnik śniadaniowy To Go 530ml (21355) niebieski;17.99;AKCESORIA-LODÓWKI
K&M Pochłaniacz zapachów do lodówek AK105 Mały;14.99;AKCESORIA-LODÓWKI
SCANPART Pochłaniacz zapachu do lodówek 1199000081;9.99;AKCESORIA-LODÓWKI
SCANPART Pojemnik do kostek lodu;17.99;AKCESORIA-LODÓWKI
WENKO Mata antypleśniowa do lodówki1799000077;19.99;AKCESORIA-LODÓWKI
Kuchenka gazowo-elektryczna AMICA 510GE3.43ZpTaF (W);899.99;KUCHENKI
Kuchenka gazowo-elektryczna AMICA KGEL 514GCES3.33ZPTSA(XVL);1549.00;KUCHENKI
Kuchenka gazowo-elektryczna BEKO FSE62120DW;899.00;KUCHENKI
Kuchenka elektryczna AMICA 58IES2.322HTAB(XV);1749.00;AKCESORIA-LODÓWKI
Kuchenka elektryczna SMEG CO68CMA8;7299.00;KUCHENKI
Kuchenka elektryczna GORENJE EIT6355XPD;2599.00;KUCHENKI
Kuchenka RAVANSON KWGE-90R;2499.00;KUCHENKI
Kuchenka gazowa MPM 51-KGF-21;699.00;KUCHENKI
Kuchenka gazowa RAVANSON KWG-K50N;759.00;KUCHENKI
Kuchenka gazowa AMICA 57GGS1.23OFP(W);799.00;KUCHENKI
Smartfon TP-Link Neffos C5 Plus 1/8GB Szary;234.99;SMARTFONY-DO-600
Smartfon MYPHONE PRIME 2 Srebny;329.00;SMARTFONY-DO-600
Smartfon ALCATEL 1 Czarny Dual Sim 5033D;289.00;SMARTFONY-DO-600
Smartfon ALCATEL 1B 2/32GB Zielony Dual;299.00;SMARTFONY-DO-600
Smartfon TP-Link Neffos C7s Szary;299.00;SMARTFONY-DO-600
Smartfon ULEFONE Note 8 2/16GB Zielony;323.03;SMARTFONY-DO-600
Smartfon MYPHONE PRIME 2 Srebny;329.00;SMARTFONY-DO-600
Smartfon ULEFONE Note 8P 2/16GB;349.00;SMARTFONY-DO-600
Smartfon HUAWEI Y5 2018 Czarny;389.16;SMARTFONY-DO-600
Smartfon HAMMER Iron 3 Srebrny;397.00;SMARTFONY-DO-600
Smartfon REALME C11 3/32GB Szary;439.99;SMARTFONY-DO-600
Smartfon TP-Link Neffos C9 Max 2/32GB;399.00;SMARTFONY-DO-600
Smartfon HUAWEI Y7 2019 Czarny;501.00;SMARTFONY-DO-600
Smartfon NOKIA 2.4 2/32GB Szary;519.00;SMARTFONY-DO-600
Smartfon CUBOT P30 4/64 GB Niebieski;519.00;SMARTFONY-DO-600
Smartfon ULEFONE Armor X7 Pro 4/32GB Czarny;529.00;SMARTFONY-DO-600
Smartfon OUKITEL WP5 4/32GB Czarny;539.00;SMARTFONY-DO-600
Smartfon XIAOMI REDMI 8A 2/32GB Czarny Dual Sim;549.00;SMARTFONY-DO-600
Smartfon HUAWEI Y6p 3/64GB Fioletowy;549.00;SMARTFONY-DO-600
Smartfon HUAWEI MATE 20 LITE Niebieski;818.00;SMARTFONY-OD-600-DO-1K
Smartfon XIAOMI MI A2 Lite 4/64GB Czarny;828.00;SMARTFONY-OD-600-DO-2K
Smartfon SONY XPERIA M5 E5603 Czarny;835.05;SMARTFONY-OD-600-DO-2K
Smartfon XIAOMI REDMI NOTE 9 4/128GB;849.00;SMARTFONY-OD-600-DO-2K
Smartfon XIAOMI REDMI 9T 4/128GB Pomarańczowy Dual Sim;849.00;SMARTFONY-OD-600-DO-2K
Smartfon MOTOROLA MOTO G9 Plus 4/128GB Niebieski;929.29;SMARTFONY-OD-600-DO-2K
Smartfon XIAOMI REDMI NOTE 7 4/64GB Niebieski Dual Sim;899.99;SMARTFONY-OD-600-DO-2K
Smartfon XIAOMI REDMI NOTE 10 4/64GB Zielony;899.00;SMARTFONY-OD-600-DO-2K
Smartfon SAMSUNG Galaxy Xcover 4s;975.00;SMARTFONY-OD-600-DO-2K
Smartfon SAMSUNG Galaxy A31 Czarny;977.00;SMARTFONY-OD-600-DO-2K
Smartfon REALME 6 4/128GB Niebieski;979.00;SMARTFONY-OD-600-DO-2K
Smartfon XIAOMI REDMI NOTE 8T 4/128GB;999.00;SMARTFONY-OD-600-DO-2K
Smartfon SAMSUNG Galaxy A32 Biały;999.00;SMARTFONY-OD-600-DO-2K
Smartfon XIAOMI REDMI NOTE 9 Pro;999.99;SMARTFONY-OD-600-DO-2K
Smartfon XIAOMI REDMI NOTE 8 Pro 6/128GB Biały;1044.00;SMARTFONY-OD-600-DO-2K
Smartfon REALME 7 Pro 8/128GB Niebieski;1069.00;SMARTFONY-OD-600-DO-2K
Smartfon POCO X3 PRO 6/128GB Czarny;1099.00;SMARTFONY-OD-600-DO-2K
Smartfon XIAOMI REDMI NOTE 10S 6/64GB Szary;1099.00;SMARTFONY-OD-600-DO-2K
Smartfon XIAOMI REDMI NOTE 10S 6/64GB Niebieski;1099.99;SMARTFONY-OD-600-DO-2K
Smartfon XIAOMI REDMI NOTE 10 5G 4/128GB Szary;1099.99;SMARTFONY-OD-600-DO-2K
Smartfon MEIZU X8 4/64GB Niebieski Dual Sim;1103.73;SMARTFONY-OD-600-DO-2K
Smartfon SAMSUNG Galaxy A40 Czarny (A405F);1149.00;SMARTFONY-OD-600-DO-2K
Smartfon SAMSUNG Galaxy Xcover 4s (G398F);1198.99;SMARTFONY-OD-600-DO-2K
Smartfon REALME 6 4/128GB Biały;1199.00;SMARTFONY-OD-600-DO-2K
Smartfon HUAWEI NOVA 5T 6/128GB;1199.00;SMARTFONY-OD-600-DO-2K
Smartfon OPPO RENO 2Z 8/128GB Biały;1329.00;SMARTFONY-OD-600-DO-2K
Smartfon TCL 10 Plus 6/256GB Srebrnoszary;1359.00;SMARTFONY-OD-600-DO-2K
Smartfon XIAOMI MI 8 6/64GB Niebieski;1397.00;SMARTFONY-OD-600-DO-2K
Smartfon XIAOMI Mi 11 Lite 6/64GB Czarny;1399.00;SMARTFONY-OD-600-DO-2K
Smartfon ARCHOS Diamond Alpha 4/64GB;1499.00;SMARTFONY-OD-600-DO-2K
Smartfon OUKITEL WP7 Lite 6/128GB Czarny;1499.00;SMARTFONY-OD-600-DO-2K
Smartfon XIAOMI MI 10T Lite 6/128GB Niebieski;1567.89;SMARTFONY-OD-600-DO-2K
Smartfon SAMSUNG Galaxy A52 Czarny;1599.00;SMARTFONY-OD-600-DO-2K
Smartfon OPPO RENO 5 Lite 8/128GB;1599.99;SMARTFONY-OD-600-DO-2K
Smartfon XIAOMI MI 10 LITE 5G 6/64GB;1699.00;SMARTFONY-OD-600-DO-2K
Smartfon XIAOMI MI 9T PRO 6/64GB;1709.99;SMARTFONY-OD-600-DO-2K
Smartfon HUAWEI P30 Opal;1799.00;SMARTFONY-OD-600-DO-2K
Smartfon SAMSUNG Galaxy A52 5G Czarny;1849.00;SMARTFONY-OD-600-DO-2K
Smartfon SAMSUNG Galaxy A52 5G Niebieski (A526F);1899.00;SMARTFONY-OD-600-DO-2K
Smartfon XIAOMI MI 10T 6/128GB Czarny;1999.00;SMARTFONY-OD-600-DO-2K
Smartfon XIAOMI MI NOTE 10 LITE 6/64GB;1999.00;SMARTFONY-OD-600-DO-2K
Smartfon SAMSUNG Galaxy Xcover Pro;1999.99;SMARTFONY-OD-600-DO-2K
Smartfon HUAWEI P20 Pro Czarny Dual Sim;2007.89;SMARTFONY-OD-2K-DO-4K
Smartfon XIAOMI MI 10T 8/128GB Srebrny;2044.98;SMARTFONY-OD-2K-DO-4K
Smartfon SAMSUNG Galaxy Note 10 Lite Czarny (N770F);2099.00;SMARTFONY-OD-2K-DO-4K
Smartfon HUAWEI P40 8/128GB Srebrny;2497.00;SMARTFONY-OD-2K-DO-4K
Smartfon SAMSUNG Galaxy Note 9 Niebieski (N960F);2678.98;SMARTFONY-OD-2K-DO-4K
Smartfon SAMSUNG Galaxy S20FE Niebieski (G780F);2699.00;SMARTFONY-OD-2K-DO-4K
Smartfon SAMSUNG Galaxy Note 10 Aura Glow (N970F);2807.41;SMARTFONY-OD-2K-DO-4K
Smartfon SAMSUNG Galaxy S10+ Ceramic Black (G975F);2899.00;SMARTFONY-OD-2K-DO-4K
Smartfon SAMSUNG Galaxy S20FE Lawendowy (G780G);2899.00;SMARTFONY-OD-2K-DO-4K
Smartfon HUAWEI P40 Pro 8/256GB Czarny;2999.99;SMARTFONY-OD-2K-DO-4K
Smartfon OPPO RENO 4 Pro 5G 12/256GB;2999.99;SMARTFONY-OD-2K-DO-4K
Smartfon SAMSUNG Galaxy S20FE 8/256GB Czerwony (G780G);3199.99;SMARTFONY-OD-2K-DO-4K
Smartfon SAMSUNG Galaxy Note 10+ Aura;3155.55;SMARTFONY-OD-2K-DO-4K
Smartfon SAMSUNG Galaxy S20FE 8/256GB Lawendowy (G780G);3249.00;SMARTFONY-OD-2K-DO-4K
Smartfon SAMSUNG Galaxy Note 9 Fioletowy (N960F);3288.99;SMARTFONY-OD-2K-DO-4K
Smartfon XIAOMI MI 11 8/256GB Szary;3488.88;SMARTFONY-OD-2K-DO-4K
Smartfon SAMSUNG Galaxy S21 5G Szary;3499.00;SMARTFONY-OD-2K-DO-4K
Smartfon SAMSUNG Galaxy Note 10+ 512GB;3580.00;SMARTFONY-OD-2K-DO-4K
Smartfon SAMSUNG Galaxy S21 5G;3899.00;SMARTFONY-OD-2K-DO-4K
Smartfon SAMSUNG Galaxy S21 5G 8/256GB Różowy (G991B);3899.99;SMARTFONY-OD-2K-DO-4K
Smartfon CAT S61 Dual Sim LTE;3999.99;SMARTFONY-OD-2K-DO-4K
Smartfon SAMSUNG G991B Galaxy S21 5G 8/256GB Fioletowy;4099.00;SMARTFONY-OD-4K
Smartfon HUAWEI Mate 20 X 5G Zielony;4299.99;SMARTFONY-OD-4K
Smartfon SAMSUNG Galaxy Note 20 Zielony (N980F);4349.00;SMARTFONY-OD-4K
Smartfon SAMSUNG Galaxy Note 20 Miedziany (N980F);4349.00;SMARTFONY-OD-4K
Smartfon SAMSUNG Galaxy S21+ 5G Srebrny (G996B);4399.99;SMARTFONY-OD-4K
Smartfon SAMSUNG Galaxy Note 20 5G Zielony (N981F);4429.00;SMARTFONY-OD-4K
Smartfon SAMSUNG Galaxy Z Flip 2 5G Miedziany (F707F);4459.00;SMARTFONY-OD-4K
Smartfon SAMSUNG Galaxy S21+ 5G 8/256GB Czarny (G996B);4599.00;SMARTFONY-OD-4K
Smartfon SAMSUNG Galaxy Note 20 Ultra 5G Czarny (N986F);4649.00;SMARTFONY-OD-4K
Smartfon SAMSUNG Galaxy S20 Ultra 5G Szary (G988F);5389.00;SMARTFONY-OD-4K
Smartfon SAMSUNG Galaxy S21 Ultra 5G 12/256GB Czarny (G998B);5499.00;SMARTFONY-OD-4K
Smartfon MOTOROLA RAZR 5G 8/256GB Grafitowy;5699.99;SMARTFONY-OD-4K
Smartfon SAMSUNG Galaxy Z Fold 2 5G Czarny (F916B);7199.99;SMARTFONY-OD-4K
Smartfon SAMSUNG Galaxy Z Fold 2 5G Miedziany (F916B);7299.99;SMARTFONY-OD-4K
Smartfon APPLE iPhone 6s 32GB Gwiezdna szarość;1699.00;IPHONE-DO-3K
Smartfon APPLE iPhone 7 32GB Czarny MN8X2PM/A;1849.00;IPHONE-DO-3K
Smartfon APPLE iPhone SE 64GB Black;1949.00;IPHONE-DO-3K
Smartfon APPLE iPhone SE 64GB White MHGQ3PM/A;1999.00;IPHONE-DO-3K
Smartfon APPLE iPhone SE 128GB Black;2199.00;IPHONE-DO-3K
Smartfon APPLE iPhone 8 128GB Space Grey;2499.00;IPHONE-DO-3K
Smartfon APPLE iPhone SE 256GB White MHGX3PM/A;2649.00;IPHONE-DO-3K
Smartfon APPLE iPhone XR 128GB Black;2699.00;IPHONE-DO-3K
Smartfon APPLE iPhone 8 64GB Gwiezdna szarość MQ6G2PM/A;2799.00;IPHONE-DO-3K
Smartfon APPLE iPhone 11 64GB Yellow MHDE3PM/A;2989.00;IPHONE-DO-3K
Smartfon APPLE iPhone 11 64GB White MHDC3PM/A;2999.00;IPHONE-DO-3K
Smartfon APPLE iPhone 12 mini 64GB Czarny;2999.00;IPHONE-DO-3K
Smartfon APPLE iPhone 11 64GB (PRODUCT) RED MHDD3PM/A;2999.00;IPHONE-DO-3K
Smartfon APPLE iPhone 12 mini 64GB (PRODUCT) RED;3199.00;IPHONE-OD-3K
Smartfon APPLE iPhone 11 128GB Yellow MHDL3PM/A;3227.88;IPHONE-OD-3K
Smartfon APPLE iPhone 12 mini 64GB Biały;3249.99;IPHONE-OD-3K
Smartfon APPLE iPhone 11 128GB Green;3249.00;IPHONE-OD-3K
Smartfon APPLE iPhone Xs 64GB Gwiezdna szarość;3399.00;IPHONE-OD-3K
Smartfon APPLE iPhone 12 mini 128GB Niebieski;3399.00;IPHONE-OD-3K
Smartfon APPLE iPhone 12 mini 64GB Fioletowy MJQF3PM/A;3599.00;IPHONE-OD-3K
Smartfon APPLE iPhone 12 mini 128GB Zielony;3649.00;IPHONE-OD-3K
Smartfon APPLE iPhone 11 256GB Green MHDV3PM/A;3699.00;IPHONE-OD-3K
Smartfon APPLE iPhone 11 256GB (PRODUCT) RED MHDR3PM/A;3799.00;IPHONE-OD-3K
Smartfon APPLE iPhone 12 64GB Zielony MGJ93PM/A;3849.00;IPHONE-OD-3K
Smartfon APPLE iPhone 12 mini 256GB Czarny;3949.99;IPHONE-OD-3K
Smartfon APPLE iPhone 12 128GB (PRODUCT) RED MGJD3PM/A;4149.00;IPHONE-OD-3K
Smartfon APPLE iPhone 12 128GB Niebieski MGJE3PM/A;4199.00;IPHONE-OD-3K
Smartfon APPLE iPhone 12 mini 256GB Biały;4239.00;IPHONE-OD-3K
Smartfon APPLE iPhone 11 Pro 64GB Midnight Green;4499.00;IPHONE-OD-3K
Smartfon APPLE iPhone 12 256GB Czarny MGJG3PM/A;4599.00;IPHONE-OD-3K
Smartfon APPLE iPhone 12 256GB Niebieski MGJK3PM/A;4699.00;IPHONE-OD-3K
Smartfon APPLE iPhone 12 256GB (PRODUCT) RED MGJJ3PM/A;4899.00;IPHONE-OD-3K
Smartfon APPLE iPhone 11 Pro Max 64GB Space Grey;4999.00;IPHONE-OD-3K
Smartfon APPLE iPhone 11 Pro Max 64GB Silver;5099.00;IPHONE-OD-3K
Smartfon APPLE iPhone 11 Pro Max 256GB Silver;5265.99;IPHONE-OD-3K
Smartfon APPLE iPhone 12 Pro Max 128GB Pacyficzny;5399.00;IPHONE-OD-3K
Smartfon APPLE iPhone 12 Pro Max 128GB Złoty;5499.00;IPHONE-OD-3K
Smartfon APPLE iPhone 12 Pro 256GB Pacyficzny;5489.00;IPHONE-OD-3K
Smartfon APPLE iPhone 12 Pro 256GB Srebrny;5599.00;IPHONE-OD-3K
Smartfon APPLE iPhone 11 Pro Max 256GB Space Grey;5889.00;IPHONE-OD-3K
Smartfon APPLE iPhone 12 Pro Max 256GB Pacyficzny;5899.00;IPHONE-OD-3K
Smartfon APPLE iPhone 12 Pro Max 256GB Złoty;5999.99;IPHONE-OD-3K
Smartfon APPLE iPhone 12 Pro Max 256GB Srebrny;6049.00;IPHONE-OD-3K
Smartfon APPLE iPhone 12 Pro 512GB Pacyficzny;6399.00;IPHONE-OD-3K
Smartfon APPLE iPhone 12 Pro Max 512GB Grafitowy;6999.00;IPHONE-OD-3K
Smartfon APPLE iPhone 12 Pro Max 512GB Złoty;7179.00;IPHONE-OD-3K
Kabel USB - Lightning;74.00;IPHONE-KABLE
Kabel USB - Lightning;78.99;IPHONE-KABLE
Kabel USB - Lightning;80.00;IPHONE-KABLE
Kabel USB - Lightning;145.67;IPHONE-KABLE
Kabel USB Typ-C;25.99;SMARTFONY-KABLE-TYP-C
Kabel USB Typ-C;37.88;SMARTFONY-KABLE-TYP-C
Kabel USB Typ-C;46.55;SMARTFONY-KABLE-TYP-C
Kabel USB Typ-C;78.99;SMARTFONY-KABLE-TYP-C
Kabel USB Typ-C;123.67;SMARTFONY-KABLE-TYP-C
Kabel Micro USB;25.00;SMARTFONY-KABLE-MICRO-USB
Kabel Micro USB;34.99;SMARTFONY-KABLE-MICRO-USB
Kabel Micro USB;55.87;SMARTFONY-KABLE-MICRO-USB
Kabel Micro USB;99.99;SMARTFONY-KABLE-MICRO-USB
Kabel Micro USB;33.55;SMARTFONY-KABLE-MICRO-USB
Ładowarka;55.99;SMARTFONY-ŁADOWARKI
Ładowarka;69.99;SMARTFONY-ŁADOWARKI
Ładowarka;59.99;SMARTFONY-ŁADOWARKI
Ładowarka;49.99;SMARTFONY-ŁADOWARKI
Ładowarka;99.99;SMARTFONY-ŁADOWARKI
Ładowarka;33.45;SMARTFONY-ŁADOWARKI
Ładowarka;44.66;SMARTFONY-ŁADOWARKI
Ładowarka;78.87;SMARTFONY-ŁADOWARKI
Powerbank XIAOMI Mi MI7473291 2 10000mAh Srebny;99.90;POWERBANKI
Powerbank BASEUS 20000 mAh Powerful USB-C QC 3.0 PD czarny PPKC-A01;89.99;POWERBANKI
Powerbank BASEUS 10000 mAh bezprzewodowy biały;79.99;POWERBANKI
Powerbank ZENDURE 10000 mAh SuperMinih 1xUSB 1xUSB-C 18W czarny;299.00;POWERBANKI
Powerbank ZENDURE 6700 mAh A2 1xUSB czarny;169.00;POWERBANKI
Powerbank ZENDURE 16750 mAh A5PD 1xUSB 1xUSB-C czarny;359.00;POWERBANKI
Powerbank ZENDURE 20100 mAh A6PD 1xUSB 1xUSB-C srebrny;449.00;POWERBANKI
Powerbank ZENDURE 26800 mAh A8PD 4xUSB 1xUSB-C czarny;539.00;POWERBANKI
Powerbank VIGGO DESIGN 10000 mAh PD 18W aluminium czarny;99.99;POWERBANKI
Powerbank VIGGO DESIGN 20000 mAh PD 18W aluminium czarny;111.22;POWERBANKI
Smartwatch HUAWEI WATCH GT 2 42 mm złoty;999.00;SMARTWATCHE
Smartwatch APPLE Watch Series 6 GPS + Cellular, 44mm Gold Stainless Steel Case with Gold Milanese Loop;3699.00;SMARTWATCHE-APPLE
Smartwatch APPLE Watch Series 5 GPS + Cellular, 44mm stal nierdzewna, Złoty;3547.44;SMARTWATCHE-APPLE
Smartwatch APPLE Watch Series 6 GPS + Cellular, 40mm Silver Stainless Steel Case with Silver Milanese Loop;3499.00;SMARTWATCHE-APPLE
Smartwatch APPLE Watch Series 6 GPS + Cellular, 40mm Silver Stainless Steel Case with White Sport Band - Regular;3199.00;SMARTWATCHE-APPLE
Smartwatch APPLE Watch Series 5 GPS + Cellular, 44mm stal nierdzewna, Srebrny z białym paskiem;3147.55;SMARTWATCHE-APPLE
Smartwatch APPLE Watch Series 6 GPS + Cellular, 40mm Gold Stainless Steel Case with Cyprus Green Sport Band - Regular;3099.99;SMARTWATCHE-APPLE
Smartwatch APPLE Watch Series 6 GPS + Cellular, 44mm PRODUCT(RED) Aluminium Case with PRODUCT(RED) Sport Band - Regular;2299.00;SMARTWATCHE-APPLE
Smartwatch APPLE Watch Series 5 GPS + Cellular, 44mm aluminium, Srebrny z białym paskiem;2255.00;SMARTWATCHE-APPLE
Smartband FOREVER SB-120;59.00;SMARTWATCHE
Smartband ACME ACT03 activity tracker;79.99;SMARTWATCHE
Smartwatch BEMI REX czarny;84.99;SMARTWATCHE
Smartband GARETT Fit 7 Plus Fioletowy;99.99;SMARTWATCHE
Smartwatch AMAZFIT Bip U Black;201.99;SMARTWATCHE
Smartband XIAOMI MI BAND 6;218.00;SMARTWATCHE
Smartwatch HAMA Fit Track 5900 czarny;248.00;SMARTWATCHE
Smartband POLAR A370 Czarny M/L;358.00;SMARTWATCHE
GARETT Sport Activity GT złoty;369.00;SMARTWATCHE
Smartwatch HUAWEI WATCH Fit ZIELONY;378.00;SMARTWATCHE
Smartband FITBIT Charge 4 (NFC), Black/Black;546.87;SMARTWATCHE
GARMIN FORERUNNER 45 Czarny;679.00;SMARTWATCHE
Smartwatch SAMSUNG Galaxy Watch Active2, Aluminium (44mm), Czarny;899.00;SMARTWATCHE
Smartwatch SAMSUNG Galaxy;919.00;SMARTWATCHE
Smartwatch HUAWEI WATCH GT 2 42 mm złoty;999.00;SMARTWATCHE
GARMIN FENIX 6 SOLAR Srebrny z czarnym paskiem;3039.00;SMARTWATCHE-PREMIUM
Smartwatch GARMIN Fenix 6S Pro Czarny;2631.99;SMARTWATCHE-PREMIUM
Smartwatch FITBIT Sense, Pale Yellow Gold/Porcelain White;1240.00;SMARTWATCHE-PREMIUM
Smartwatch OPPO Watch 46mm GOLD;1298.00;SMARTWATCHE-PREMIUM
Smartwatch GARETT Expert Sport Szary;1299.00;SMARTWATCHE-PREMIUM
Smartwatch GARMIN Venu Różowe złoto z piaskowym paskiem;1399.00;SMARTWATCHE-PREMIUM
Smartwatch SAMSUNG GALAXY WATCH 3 45mm silver;1649.00;SMARTWATCHE-PREMIUM
Smartwatch GARMIN INSTINCT SOLAR Flame Red;1669.00;SMARTWATCHE-PREMIUM
Smartwatch SAMSUNG GALAXY WATCH 3 45 mm czarny;1799.00;SMARTWATCHE-PREMIUM
Smartwatch GARMIN FENIX 5S Plus Srebrno-czarny;1949.00;SMARTWATCHE-PREMIUM
Tablet LARK X2 7 Black;199.00;TABLETY-DO-2K
Tablet CAVION BASE 7.2 Quad 7 CALI;199.00;TABLETY-DO-2K
Tablet NAVITEL T505PRO 7 CALI Dual SIM + Mapy;289.00;TABLETY-DO-2K
Tablet LENOVO Tab M7 TB-7305F WIFI 7 CALI 1/16GB IRON GREY ZA550185PL;319.00;TABLETY-DO-2K
Tablet CAVION BASE 10 3G Srebrny;399.00;TABLETY-DO-2K
Tablet LENOVO Tab E10 ZA470002PL Czarny;499.00;TABLETY-DO-2K
Tablet HUAWEI MediaPad T3 10 CALI WiFi Szary;499.00;TABLETY-DO-2K
Tablet HUAWEI MatePad T8 2/16 LTE L09A;549.99;TABLETY-DO-2K
Tablet LENOVO Tab 4 10 CALI TB-X304L LTE Czarny;649.00;TABLETY-DO-2K
Tablet HUAWEI MatePad T10s LTE FHD 10,1 2/32GB Blue 53011DUC;749.00;TABLETY-DO-2K
Tablet LENOVO M10 + FHD TB-X606F 10,3 CALI 4/64GB IRON GREY ZA5T0230PL;849.00;TABLETY-DO-2K
Tablet LENOVO M10 + FHD TB-X606F 10,3 CALI 4/128GB IRON GREY ZA5T0234PL;999.00;TABLETY-DO-2K
Tablet HUAWEI MediaPad T5 10 CALI 4/64 LTE Czarny;999.99;TABLETY-DO-2K
Tablet LENOVO M10 + FHD TB-X606F 10,3 CALI 4/128GB PLATINUM GREY ZA5T0207PL;999.00;TABLETY-DO-2K
Tablet SAMSUNG Galaxy Tab A 10.1 T515 SM-T515NZSDXEO Srebrny;1069.00;TABLETY-DO-2K
Tablet SAMSUNG Galaxy Tab A 10.1 T515 SM-T515NZDDXEO Złoty;1199.00;TABLETY-DO-2K
Tablet SAMSUNG Galaxy Tab S6 Lite WiFi SM-P610NZAAXEO Gray;1499.00;TABLETY-DO-2K
Tablet SAMSUNG Galaxy Tab S5e 10.5 SM-T720NZKAXEO# Czarny;1709.00;TABLETY-DO-2K
Tablet SAMSUNG Galaxy Tab S5e 10.5 SM-T720NZKAXEO# Czarny;1720.85;TABLETY-DO-2K
Tablet SAMSUNG Galaxy Tab S6 Lite LTE SM-P615NZAAXEO Gray;1799.00;TABLETY-DO-2K
Tablet SAMSUNG Galaxy Tab S5e 10.5 SM-T720NZSAXEO# Srebrny;1899.00;TABLETY-DO-2K
Tablet SAMSUNG Galaxy Tab S5e 10.5 SM-T725NZSAXEO# Srebrny;2149.00;TABLETY-OD-2K
Tablet HUAWEI MatePad Pro 10.8 WiFi 6GB/128GB Szary 53010WLN;2499.00;TABLETY-OD-2K
Tablet HUAWEI MatePad Pro 10.8 LTE 6GB/128GB Szary 53010WLQ;2799.00;TABLETY-OD-2K
Tablet LENOVO P11 Pro 11,5 6GB/128GB LTEZA7D0063PL;2799.00;TABLETY-OD-2K
Tablet SAMSUNG Galaxy Tab S6 T865 LTE BROWN SM-T865NZNAXEO;2822.93;TABLETY-OD-2K
Tablet SAMSUNG Galaxy Tab S6 T860 WiFi SM-T860NZNAXEO Brown;3099.00;TABLETY-OD-2K
Tablet SAMSUNG T875 Galaxy Tab S7 LTE 6GB 128GB 11 SM-T875NZNAEUE Mystic;3299.00;TABLETY-OD-2K
Tablet APPLE iPad 10,2 32GB Wi-Fi MYLA2FD/A Silver;1749.00;IPADY
Tablet APPLE iPad Wi-Fi + Cellular 32GB Srebrny MR6P2FD/A;2069.00;IPADY
Tablet APPLE iPad mini Wi-Fi + Cellular 64GB - Space Grey MUX52FD/A;2124.00;IPADY
Tablet APPLE iPad 10,2 32GB LTE MW6D2FD/A Złoto;2199.00;IPADY
Tablet APPLE iPad mini Wi-Fi + Cellular 64GB - Gold MUX72FD/A;2389.00;IPADY
Tablet APPLE iPad mini Wi-Fi + Cellular 256GB - Space Grey MUXC2FD/A;2507.89;IPADY
Tablet APPLE iPad Air 10,9 64GB Wi-Fi Silver MYFN2FD/A;2899.09;IPADY
Tablet APPLE iPad Pro Złoto MPF12FD/A;3198.59;IPADY
Tablet APPLE iPad Air Wi-Fi + Cellular 64GB - Sky Blue;3299.99;IPADY
Tablet APPLE iPad Air 256GB MYG02FD/A WiFi Green;3499.01;IPADY
Tablet APPLE iPad Pro 11 Wi Fi 128GB - Space Grey MY232FD/A;3899.99;IPADY
Głośnik bluetooth JBL BOOMBOX 2 Czarny;1699.00;GŁOŚNIKI-BLUETOOTH
Głośnik bluetooth Citation 200 szary;1599.00;GŁOŚNIKI-BLUETOOTH
Głośnik bluetooth JBL Xtreme 3 Black;1099.00;GŁOŚNIKI-BLUETOOTH
Głośnik bluetooth JBL Charge 5 Czarny;799.00;GŁOŚNIKI-BLUETOOTH
Głośnik bluetooth SONY BT SRS-XB43L Niebieski;749.00;GŁOŚNIKI-BLUETOOTH
Głośnik bluetooth SONY BT SRS-XB43B Czarny;699.00;GŁOŚNIKI-BLUETOOTH
Głośnik bluetooth JBL Tuner XL;639.00;GŁOŚNIKI-BLUETOOTH
Głośnik bluetooth SONY BT SRS-XB41 BT Czerwony SRSXB41R.EU8;599.00;GŁOŚNIKI-BLUETOOTH
Głośnik bluetooth JBL Charge 4 Niebieski;499.00;GŁOŚNIKI-BLUETOOTH
Głośnik bluetooth JBL Charge 3 Czarny;499.00;GŁOŚNIKI-BLUETOOTH
Głośnik bluetooth SONY SRS-XB32 24h IP67 NFC Czarny;449.00;GŁOŚNIKI-BLUETOOTH
Głośnik bluetooth JBL Tuner 2 Czarny;429.00;GŁOŚNIKI-BLUETOOTH
Głośnik bluetooth JBL FLIP 5 Turkusowy;419.00;GŁOŚNIKI-BLUETOOTH
Głośnik bluetooth JBL FLIP 5 Czarny;399.00;GŁOŚNIKI-BLUETOOTH
Głośnik bluetooth MANTA SPK911;349.00;GŁOŚNIKI-BLUETOOTH
Głośnik bluetooth JBL Flip 3 Stealth Edition;299.00;GŁOŚNIKI-BLUETOOTH
Głośnik bluetooth MANTA SPK413BK SAN DIEGO;189.99;GŁOŚNIKI-BLUETOOTH
Głośnik bluetooth MUSE M-370 DJ;179.99;GŁOŚNIKI-BLUETOOTH
Głośnik bluetooth MUSE M-720 LD;139.99;GŁOŚNIKI-BLUETOOTH
Głośnik bluetooth TRACER Buzz Wood;129.77;GŁOŚNIKI-BLUETOOTH
Laptop ASUS X509JA-EJ270T i3-1005G1/4GB/256GB SSD/15,6/Win10 Home 90NB0QE2-M06010;2599.00;LAPTOPY
Laptop do gier LENOVO Gaming L340-17iRH i5-9300HF/8GB/512GB SSD/GTX 1650/17,3/Win10 81LL00EBPB;4199.00;LAPTOPY
Laptop ASUS X509JA-BQ241T i5-1035G1/8GB/512GB SSD/15,6' FHD/Win10 Home 90NB0QE2-M05200;2799.00;LAPTOPY
Laptop ASUS Zenbook 14 Q407IQ-BR5N4DX Ryzen 5 4500U/8GB/256GB SSD/MX350/14/Win10 Szary;3499.00;LAPTOPY
Ultrabook LENOVO V15-IIL i5-1035G1/8GB/256GB SSD/15,6''/W10P Szary;2799.00;LAPTOPY
Laptop LENOVO IdeaPad 3 15ADA05 Ryzen 3 3250U/4GB/256GB SSD/15,6/DOS 81W1005KPB;1499.00;LAPTOPY
Laptop ACER ConceptD 7 Ezel Pro CC715-71P i7-10875H/32GB/1TB SDD + 1TB SDD/Quadro RTX 3000/15,6/Win10 Pro NX.C5DEP.001;16999.00;LAPTOPY-PREMIUM
Laptop LENOVO ThinkPad P52 i7-8850H/16GB/512GB SSD/Quadro P3200/15.6''/W10P Czarny;13476.77;LAPTOPY-PREMIUM
Laptop MSI Creator 15 A10UET-201PL i7-10875H/16GB/1TB SSD/RTX 3060/15,6/Win10 Pro;10499.99;LAPTOPY-PREMIUM
Laptop APPLE MacBook Pro 13-inch Intel Core i5/8GB/512GB SSD/Iris Plus/13.3''/iOS Srebrny;8999.99;LAPTOPY-PREMIUM
Laptop HP INC. 830 G7176Y2EA Intel Core i7-10510U/16GB/512GB SSD/Intel UHD Graphics/13.3''/W10P Srebrny;7943.67;LAPTOPY-PREMIUM
Laptop HUAWEI Matebook X Pro i7-10510U/16GB/1TB SSD/MX250/13,9/Win10 Pro MachC-WAE9B Gray;7499.88;LAPTOPY-PREMIUM
Laptop do gier MSI GE75 Raider 10SFS-283PL i7-108750H/16GB/512GB SSD+1000GB HDD/RTX 2070 Super/17 240Hz/Win10 Home;6999.99;LAPTOPY-PREMIUM
Laptop do gier ASUS TUF Gaming A15 Ryzen 7 5800H/16GB/1TB SSD/RTX3060/15,6 144Hz/Win10 90NR0606-M01940;6699.00;LAPTOPY-PREMIUM
Laptop do gier ASUS ROG Strix G15 G512LV-HN235T i7-10870H/16GB/512GB SSD/RTX 2060/15,6 144Hz/Win10 Home 90NR04D1-M04270;6299.99;LAPTOPY-PREMIUM
Laptop HUAWEI Matebook 13 i7-10510/16GB/512GB SSD/MX250/13/Win10 WrightB-WFE9A Gray;5999.99;LAPTOPY-PREMIUM
Laptop do gier LENOVO Legion 5 15ARH05H Ryzen 7 4800H/8GB/512GB SSD/RTX 2060/15,6/Win10;5299.99;LAPTOPY
Laptop do gier ACER Nitro 5 AN515-55-53M3 i5-10300H/16GB/512GB SSD/RTX 2060/15,6 144Hz/Win10 NH.Q7QEP.007;5049.88;LAPTOPY
Laptop do gier MSI GF65 Thin 9SEXR-1237PL i7-9750H/8GB/512GB SSD/RTX 2060/15,6/Win10;4999.44;LAPTOPY
Laptop ASUS X571LI-BN027T i5-10300H/16GB/512GB SSD/GTX 1650 Ti/15,6/ Win10 Home / Black 90NB0QI1-M00350;4799.99;LAPTOPY
Laptop do gier HP 9YH73EA Ryzen 5 3550H/8GB/512GB SSD/GTX 1650/15,6/DOS;3799.00;LAPTOPY
Laptop ACER Aspire 3 A315-55G-53BF i5-10210U/8GB/512GB SSD/MX230/15,6/Win10 NX.HNSEP.00B;3699.00;LAPTOPY
Laptop APPLE MacBook Air 13 i5/8GB/128GB SSD/HD6000/13,3 MQD32ZE/A;3599.00;LAPTOPY
Laptop ACER Aspire 5 A515-54G-77P3 i7-78565U/8GB/512GB SSD/MX 250 2GB/15,6/Win10;3499.00;LAPTOPY
Laptop LENOVO IdeaPad Gaming 3 15IMH05 i5-10300H/8GB/512GB SSD/GTX1650/15,6/Win10 81Y400J7PB;3499.00;LAPTOPY
Laptop ACER Aspire 3 A315-42-R9FA 7 3700U/8GB/512GB SSD/15,6/Win10;3299.00;LAPTOPY
Laptop LENOVO IdeaPad Gaming 3 Ryzen 5 4600H/8GB/512GB SSD/GTX 1650/15,6 120Hz/DOS;3199.00;LAPTOPY
Laptop HP 15-db1025nw Ryzen 5 3500U/8GB/256GB SSD/15,6/Win10;2999.99;LAPTOPY
Ultrabook FUJITSU E5490M0003PL Intel Core i5-8265U/8GB/256GB SSD/Intel UHD Graphics/14''/W10P Czarny;2919.74;LAPTOPY
Laptop ACER Aspire 3 A315-56-582P i5-1035G1/8GB/512GB SSD/15,6/DOS NX.HS5EP.00F;2899.99;LAPTOPY
Laptop HP 15s-fq1118nw i3-1005G1/4GB/256GB SSD/15,6/Win10 Home;2499.00;LAPTOPY
Laptop HUAWEI MateBook D15 Intel Core i3-10110U/8GB/256GB SSD/15,6/Windows 10 Home BohrB-WAI9A;2499.00;LAPTOPY
Laptop LENOVO IdeaPad S340-15 i3-8145U/8GB/256GB SSD/15,6/Win10 Home;2399.00;LAPTOPY
Laptop HP 15s-eq0084nw Ryzen5 3500U/8GB/512GB SSD/15,6/DOS Jet Black Rebak19C2;2299.00;LAPTOPY
Laptop ACER Aspire 1 A114-32-C07E Celeron N4020/4GB/128GB eMMC/14/Win10 Home NX.GVZEP.03C;1999.99;LAPTOPY
Ultrabook LENOVO IdeaPad 1 14IGL05 N5030/4GB/128GB SSD/14/Win10 81VU0036PB;1699.99;LAPTOPY
Ultrabook LENOVO IdeaPad 14IGL05 N5030/4GB/128GB SSD/14/DOS 81VU0037PB;1299.99;LAPTOPY
SAMSUNG 98'' QM98N LH98QMNEBGC/EN Czarny;57211.38;MONITORY-PREMIUM
NEC 75 C751Q  60004315 Czarny;16442.67;MONITORY-PREMIUM
SAMSUNG 74,5'' QB75R LH75QBREBGCXEN Czarny;11611.73;MONITORY-PREMIUM
SAMSUNG 55'' UM55H-E LH55UMHHLBB/EN Czarny;11271.35;MONITORY-PREMIUM
SAMSUNG 75'' LH75QETELGCXEN Czarny;9952.66;MONITORY-PREMIUM
MSI PRESTIGE 34 PS341WU NanoIPS Flat;5099.00;MONITORY-PREMIUM
IIYAMA 54.6'' ProLite LE5540UHS-B1 Czarny;4500.00;MONITORY-PREMIUM
NEC 55'' E557Q 60004552 4K Czarny;4006.61;MONITORY-PREMIUM
SAMSUNG 49 LC49HG90DMRXEN;3999.99;MONITORY-PREMIUM
BENQ 35'' EX3501R 9H.LGJLA.TSE Szary;3276.00;MONITORY
SAMSUNG Samsung 32 Odyssey G7 LC32G75TQSUXEN Curved Quantum Dot HDR;2999.99;MONITORY
SAMSUNG 27 Odyssey G7 LC27G75TQSUXEN Curved Quantum Dot HDR;2499.00;MONITORY
LG 27'' UltraGear 27GN880-B Ergo NanoIPS 144Hz 1ms HDR;2435.88;MONITORY
iiyama G-Master 34 GB3466WQSU-B1 Red Eagle Curved 144Hz 1ms HDR;2299.00;MONITORY
MSI Optix 31,5 G32CQ4 165Hz 1ms WQHD;1785.00;MONITORY
Monitor IIYAMA 27 GB2770QSU-B1;1779.00;MONITORY
iiyama 31.5 G-Master GB3266QSU-B1 Red Eagle Curved 144Hz 1ms WQHD HDR;1699.99;MONITORY
SAMSUNG 32 LU32J590UQRXEN;1499.00;MONITORY
Monitor ACER Business B7 27 B277Ubmiipprzx UM.HB7EE.014;1459.00;MONITORY
LG 27 27GN600-B;1399.99;MONITORY
IIYAMA 31,5'' ProLite XB3270QS-B1, Czarny;1389.99;MONITORY
ACER 27'' Nitro EI272URP UM.HE2EE.P01  Czarny;1349.66;MONITORY
SAMSUNG 28 LU28R550UQUXEN IPS 4K;1299.00;MONITORY
LG 29 UltraWide 29BN650-B Czarny;1219.00;MONITORY
Monitor IIYAMA 27'' G-Master GB2760HSU-B1 Czarny;1189.00;MONITORY
ASUS 24,5 VG259Q Czarny;1178.86;MONITORY
MSI 27 Optix G27C5 165Hz 1ms;1139.00;MONITORY
LENOVO 31,5 D32qc-20;1106.00;MONITORY
Monitor ACER 27 ED276Ubiipx UM.HE6EE.001;1099.00;MONITORY
SAMSUNG 27 Odyssey G5 LC27G55TQWRXEN;1099.99;MONITORY
PHILIPS 23,6 241E1SCA/00 Czarny;787.57;MONITORY
SAMSUNG 27 LF27T350FHRXEN;759.00;MONITORY
Monitor LG 24'' IPS, LED, Full HD 24MK430H-B Czarny;640.21;MONITORY
MSI OPTIX G241VC Curved 23,6;639.00;MONITORY
ACER 23.8'' Business B6 B246HYLAymidr UM.QB6EE.A01;619.00;MONITORY
BENQ 21.5'' GW2283 9H.LHLLA.TBE Czarny;583.38;MONITORY
Monitor AOC 24'' G2460VQ6 Czarny;579.00;MONITORY
Monitor IIYAMA 23.6'' X2474HS-B1 Czarny;399.00;MONITORY
DELL 19.5'' E2016HV Czarny;319.00;MONITORY
LENOVO 21,5 D22-20;379.66;MONITORY
Komputer PC OPTIMUS E-sport EXTREME GZ590T-CR1 Intel Core i7-11700K/16GB/480GB+2TB/RTX 3080 AMP HOLO/W10;12999.77;KOMPUTERY-PC-PREMIUM
Komputer PC HP INC. Z4 G4 i9-10900X/16GB/512GB SSD/W10 Czarny;11601.85;KOMPUTERY-PC-PREMIUM
Komputer PC HP INC. Z4 G4 i9-10920X/32GB/1000GB SSD/W10 Czarny;11441.58;KOMPUTERY-PC-PREMIUM
Komputer PC OPTIMUS E-sport EXTREME GZ590T-CR2 Intel Core i7-11700K/16GB/480GB+2TB/RTX 3070 TE 8GB OC/W10;10999.99;KOMPUTERY-PC-PREMIUM
Komputer PC OPTIMUS E-sport EXTREME GB460T-CR6 Intel Core i7-10700F/16GB/480GB+2TB/RTX 3060 TE OC 12GB/W10;7499.99;KOMPUTERY-PC-PREMIUM
Komputer PC OPTIMUS E-Sport GB450T-CR5 AMD Ryzen 5/16GB/1000GB HDD/480GB SSD/GeForce RTX 3060 OC 12GB/W10 Home;6699.99;KOMPUTERY-PC
Komputer PC OPTIMUS E-Sport GB460T-CR1 i5-10600/16GB/480GB SSD+2TB HDD/GTX 1660S/Win10;5769.00;KOMPUTERY-PC
Komputer PC OPTIMUS E-Sport GB450T-CR6 AMD Ryzen 5/16GB/1000GB HDD/480GB SSD/GeForce GTX 1660S AMP 6GB/W10 Home;5599.00;KOMPUTERY-PC
Komputer PC ACTINA 1445 Ryzen 5 3600/16GB/512GB SSD/RX570/Win10;4599.00;KOMPUTERY-PC
Komputer PC ACTINA 1809 i5-9400F/16GB/512GB SSD/GTX 1660 SUPER/Win10;4459.00;KOMPUTERY-PC
Komputer PC OPTIMUS E-Sport GB360T-CR8 Intel Core i5/8GB/1000GB HDD/240GB SSD/GeForce GTX 1660/W10 Home Czarny;4299.00;KOMPUTERY-PC
Komputer PC ACTINA 1443 Ryzen 5 2600/16GB/512GB SSD/GTX 1650/Win10;4199.00;KOMPUTERY-PC
Komputer PC MSI Infinite S 10SI-026EU i5-10400F/8GB/512GB SSD/GTX1660/WiFi/W10H;3999.00;KOMPUTERY-PC
Komputer PC OPTIMUS E-Sport GB450T-CR2 AMD Ryzen 5/16GB/1000GB HDD/480GB SSD/GeForce GTX 1650;3699.98;KOMPUTERY-PC
Komputer PC OPTIMUS E-Sport MH410T-BQ2 i3-10100F/8GB/480GB SSD+1TB HDD/GTX 1650/Win10;3399.00;KOMPUTERY-PC
Komputer PC OPTIMUS E-Sport MH310T i3-9100F/8GB/1000GB HDD/240GB SSD/GeForce GTX 1050Ti/W10 Home Czarny;3099.00;KOMPUTERY-PC
Komputer PC OPTIMUS E-Sport MH310T-BQ1 i3-9100F/8GB/1TB+240GB/1050Ti/Brak Windows;2599.00;KOMPUTERY-PC
Komputer PC LENOVO ThinkCentre M90n Nano i3/8GB/256GB SSD/Intel UHD Graphics/W10 64-bitP Czarny;2458.54;KOMPUTERY-PC
Komputer PC LENOVO IdeaCentre 510-15IPB i3-9100/8GB/512GB SSD/Win10H;1999.00;KOMPUTERY-PC
Komputer PC ACTINA 2082 Pentium G6400/8GB/512GB SSD/Win10;1799.00;KOMPUTERY-PC
Komputer PC OPTIMUS Platinum AH410T Y1 i3-10100/8GB/256GB SSD/Win10;1799.00;KOMPUTERY-PC
TORBA NA LAPTOPA;400.00;TORBY-NA-LAPTOP
TORBA NA LAPTOPA;357.00;TORBY-NA-LAPTOP
TORBA NA LAPTOPA;259.99;TORBY-NA-LAPTOP
TORBA NA LAPTOPA;123.56;TORBY-NA-LAPTOP
TORBA NA LAPTOPA;34.55;TORBY-NA-LAPTOP
TORBA NA LAPTOPA;29.87;TORBY-NA-LAPTOP
MYSZ KOMPUTEROWA;9.45;MYSZKI
MYSZ KOMPUTEROWA;15.36;MYSZKI
MYSZ KOMPUTEROWA;15.52;MYSZKI
MYSZ KOMPUTEROWA;17.88;MYSZKI
MYSZ KOMPUTEROWA;25.45;MYSZKI
MYSZ KOMPUTEROWA;40.66;MYSZKI
MYSZ KOMPUTEROWA;50.33;MYSZKI
MYSZ KOMPUTEROWA;76.88;MYSZKI
MYSZ KOMPUTEROWA;88.99;MYSZKI
MYSZ KOMPUTEROWA;89.99;MYSZKI
MYSZ KOMPUTEROWA;101.11;MYSZKI
MYSZ KOMPUTEROWA;102.45;MYSZKI
MYSZ KOMPUTEROWA;105.66;MYSZKI
MYSZ KOMPUTEROWA;111.33;MYSZKI
MYSZ KOMPUTEROWA;122.22;MYSZKI
MYSZ KOMPUTEROWA;123.44;MYSZKI
MYSZ KOMPUTEROWA;147.77;MYSZKI
MYSZ KOMPUTEROWA;165.55;MYSZKI
MYSZ KOMPUTEROWA;183.33;MYSZKI
MYSZ KOMPUTEROWA;221.22;MYSZKI
MYSZ KOMPUTEROWA;222.98;MYSZKI
MYSZ KOMPUTEROWA;329.99;MYSZKI
MYSZ KOMPUTEROWA;333.33;MYSZKI
MYSZ KOMPUTEROWA;439.99;MYSZKI
MYSZ KOMPUTEROWA;533.33;MYSZKI
KLAWIATURA;14.04;KLAWIATURY
KLAWIATURA;18.57;KLAWIATURY
KLAWIATURA;34.99;KLAWIATURY
KLAWIATURA;39.99;KLAWIATURY
KLAWIATURA;45.55;KLAWIATURY
KLAWIATURA;49.99;KLAWIATURY
KLAWIATURA;54.99;KLAWIATURY
KLAWIATURA;60.49;KLAWIATURY
KLAWIATURA;62.86;KLAWIATURY
KLAWIATURA;94.00;KLAWIATURY
KLAWIATURA;119.00;KLAWIATURY
KLAWIATURA;146.45;KLAWIATURY
KLAWIATURA;169.99;KLAWIATURY
KLAWIATURA;185.00;KLAWIATURY
KLAWIATURA;199.99;KLAWIATURY
KLAWIATURA;237.77;KLAWIATURY
KLAWIATURA;299.99;KLAWIATURY
KLAWIATURA;329.99;KLAWIATURY
KLAWIATURA;339.99;KLAWIATURY
KLAWIATURA;413.90;KLAWIATURY
KLAWIATURA;442.99;KLAWIATURY
KLAWIATURA;550.05;KLAWIATURY
KLAWIATURA;569.96;KLAWIATURY
KLAWIATURA;568.96;KLAWIATURY
KLAWIATURA;579.00;KLAWIATURY
KLAWIATURA;609.79;KLAWIATURY
KLAWIATURA;610.31;KLAWIATURY
KLAWIATURA;648.18;KLAWIATURY
KLAWIATURA;849.00;KLAWIATURY
KLAWIATURA;911.54;KLAWIATURY
Urządzenie wielofunkcyjne HP LaserJet Pro M552DN B5L23A;2499.00;DRUKARKI
Urządzenie wielofunkcyjne EPSON EcoTank ITS L7160;2149.00;DRUKARKI
Urządzenie wielofunkcyjne HP LaserJetPro M428fdw W1A30A;1899.00;DRUKARKI
Urządzenie wielofunkcyjne EPSON EcoTank ITS L6190;1759.00;DRUKARKI
Urządzenie wielofunkcyjne EPSON EcoTank L850 C11CE31401;1769.00;DRUKARKI
Urządzenie wielofunkcyjne EPSON EcoTank ITS L6170;1649.00;DRUKARKI
Urządzenie wielofunkcyjne LEXMARK MB3442adw 29S0360;1569.00;DRUKARKI
Drukarka laserowa LEXMARK B2650dw 36SC472;1499.00;DRUKARKI
Urządzenie wielofunkcyjne EcoTank ITS L6160;1419.00;DRUKARKI
Urządzenie wielofunkcyjne EPSON EcoTank ITS L4160 Wi-Fi;1379.00;DRUKARKI
Urządzenie wielofunkcyjne CANON PIXMA G6040 3113C009;1199.00;DRUKARKI
Urządzenie wielofunkcyjne EPSON EcoTank M2170;1189.00;DRUKARKI
Urządzenie wielofunkcyjne HP LaserJet Pro MFP M227sdn;1099.00;DRUKARKI
Drukarka laserowa LEXMARK C3326DW 40N9110;1099.99;DRUKARKI
Drukarka atramentowa EPSON EcoTank M2120 mono Tank, Wi-FI, USB;1099.00;DRUKARKI
Urządzenie wielofunkcyjne BROTHER DCP-T510WAP1;999.00;DRUKARKI
Drukarka wielofunkcyjna HP OfficeJet Pro 8022e (229W7B);959.95;DRUKARKI
Urządzenie wielofunkcyjne EPSON EcoTank ITS L3160;949.00;DRUKARKI
Urządzenie wielofunkcyjne HP OfficeJet Pro 7730 Y0S19A;899.99;DRUKARKI
Urządzenie wielofunkcyjne CANON PIXMA G3460 4468C009;888.88;DRUKARKI
Urządzenie wielofunkcyjne BROTHER DCP-1622WE;849.99;DRUKARKI
Urządzenie wielofunkcyjne HP Laser MFP 135a;699.99;DRUKARKI
Urządzenie wielofunkcyjne CANON PIXMA G2411 2313C025;799.99;DRUKARKI
Drukarka laserowa LEXMARK B2236dw 18M0110;599.99;DRUKARKI
Drukarka laserowa HP LaserJet PRO M102W G3Q35A;503.33;DRUKARKI
Drukarka laserowa HP Laser 107w;399.99;DRUKARKI
Urządzenie wielofunkcyjne HP Deskjet IA 6075 (5SE22C);369.99;DRUKARKI
Urządzenie wielofunkcyjne HP DeskJet IA 3790 AiO T8W47C;359.99;DRUKARKI
Drukarka laserowa BROTHER HL-1112E;349.99;DRUKARKI
Urządzenie wielofunkcyjne HP Deskjet 2620;319.00;DRUKARKI
Drukarka wielofunkcyjna HP Deskjet 2710e (26K72B);299.00;DRUKARKI
Drukarka atramentowa CANON TS305 Black 2321C006;299.99;DRUKARKI
Urządzenie wielofunkcyjne HP Deskjet Ink Advantage 3788 (T8W49C);267.00;DRUKARKI
Drukarka wielofunkcyjna HP Deskjet 2710 (5AR83B);229.99;DRUKARKI
TUSZE ZESTAW;60.00;TONERY
TUSZE ZESTAW;100.00;TONERY
TUSZE ZESTAW;200.00;TONERY
TUSZE ZESTAW;300.00;TONERY
TUSZE ZESTAW;400.00;TONERY
TUSZE ZESTAW;500.00;TONERY
Konsola SONY PlayStation 4 Slim 500 GB;1349.00;KONSOLE
Konsola Playstation 4 Slim 500 GB + THE LAST OF US (REMASTERED);1399.99;KONSOLE
Konsola Playstation 4 Slim 500 GB + Marvel’s Spider-Man;1459.00;KONSOLE
Konsola SONY PS4 1TB slim + 3 gry HZD+UZD+LBP;1649.00;KONSOLE
Konsola SONY PlayStation 4 Slim 1TB + 2 x DualShock 4;1649.00;KONSOLE
Konsola MICROSOFT Xbox One X 1000 GB Cyberpunk 2077 Limited Edition;2129.92;KONSOLE
Konsola MICROSOFT Xbox One X 1TB + Fallout 76;2099.00;KONSOLE
Kierownica LOGITECH G920 Driving Force;1199.00;AKCESORIA-KONSOLE
Kierownica LOGITECH;999.00;AKCESORIA-KONSOLE
OKULARY VR;1222.22;AKCESORIA-KONSOLE
GRA KONSOLA;323.56;KONSOLE-GRY
GRA KONSOLA;249.99;KONSOLE-GRY
GRA KONSOLA;79.99;KONSOLE-GRY
GRA KONSOLA;39.99;KONSOLE-GRY
GRA KONSOLA;39.99;KONSOLE-GRY
GRA KONSOLA;66.77;KONSOLE-GRY
GRA KONSOLA;88.88;KONSOLE-GRY
GRA KONSOLA;99.99;KONSOLE-GRY
GRA KONSOLA;259.00;KONSOLE-GRY
GRA KONSOLA;209.99;KONSOLE-GRY
GRA KONSOLA;189.99;KONSOLE-GRY
GRA KONSOLA;293.44;KONSOLE-GRY
GRA KONSOLA;419.99;KONSOLE-GRY
GRA KONSOLA;326.99;KONSOLE-GRY
Kamera samochodowa BLAUPUNKT BP 2.0 FHD;159.00;KAMERY-SAMOCHODOWE
Kamera samochodowa PRIDO i5;319.00;KAMERY-SAMOCHODOWE
Kamera samochodowa GARMIN Dash Cam Tandem;1345.66;KAMERY-SAMOCHODOWE
Kamera samochodowa LAMAX Rejestrator toru jazdy T10 (4K GPS);549.00;KAMERY-SAMOCHODOWE
Kamera samochodowa LAMAX C9;399.99;KAMERY-SAMOCHODOWE
Kamera samochodowa HAMA Rejestrator 30;99.80;KAMERY-SAMOCHODOWE
Kamera samochodowa XIAOMI 70mai DashCam Lite D08;229.00;KAMERY-SAMOCHODOWE
Kamera samochodowa XBLITZ Park View;359.99;KAMERY-SAMOCHODOWE
Kamera samochodowa GARETT ROAD 9 GPS;627.83;KAMERY-SAMOCHODOWE
Kamera samochodowa MIO MIVUE 866 TALAS;899.99;KAMERY-SAMOCHODOWE
Kamera samochodowa XIAOMI 70mai Smart Dash Cam Pro Plus+;349.00;KAMERY-SAMOCHODOWE
Kamera samochodowa TRACER HardWire 5M 7MM LED USB;49.99;KAMERY-SAMOCHODOWE
Kamera samochodowa NAVITEL NR200 NV;99.00;KAMERY-SAMOCHODOWE
Ekspres ciśnieniowy SIEMENS EQ.9 PLUS S700 TI9573X9RW;7990.00;EKSPRESY-PREMIUM
Ekspres ciśnieniowy DELONGHI PRIMADONNA SOUL ECAM 610.74.MB;4999.00;EKSPRESY-PREMIUM
Ekspres ciśnieniowy DELONGHI PRIMADONNA ELITE ECAM 650.55.MS;4699.00;EKSPRESY-PREMIUM
Ekspres ciśnieniowy NIVONA EKSPRES CIS. NICR 930;4499.00;EKSPRESY-PREMIUM
Ekspres ciśnieniowy SIEMENS EQ.9 PLUS S300 TI923309RW;4999.00;EKSPRESY-PREMIUM
Ekspres ciśnieniowy DELONGHI PERFECTA DELUXE ESAM 460.75.MB;3499.00;EKSPRESY
Ekspres ciśnieniowy DELONGHI Dinamica Plus 370.95.T;2989.00;EKSPRESY
Ekspres ciśnieniowy KRUPS Evidence EA892D;2799.00;EKSPRESY
Ekspres ciśnieniowy SAECO PICOBARISTO SM5479/10;2779.99;EKSPRESY
Ekspres ciśnieniowy DELONGHI PERFECTA EVO ESAM 420.40.B;2699.00;EKSPRESY
Ekspres ciśnieniowy DELONGHI DINAMICA ECAM 350.55 B;2399.00;EKSPRESY
Ekspres ciśnieniowy NIVONA 680;2279.00;EKSPRESY
Ekspres ciśnieniowy SIEMENS EQ.3 TI351209RW;1999.00;EKSPRESY
Ekspres ciśnieniowy DELONGHI MAGNIFICA S CAPUCCINO ECAM 22.360.S;1999.00;EKSPRESY
Ekspres ciśnieniowy KRUPS Evidence EA8901;1856.99;EKSPRESY
Ekspres ciśnieniowy DELONGHI MAGNIFICA S CAPUCCINO ECAM 22.360.S;1755.99;EKSPRESY
Ekspres ciśnieniowy PHILIPS 2200 EP2224/40;1399.00;EKSPRESY
Ekspres ciśnieniowy DELONGHI Magnifica S ECAM 22.110.B;1299.00;EKSPRESY
Ekspres ciśnieniowy TCHIBO ESPERTO CAFFE;1049.00;EKSPRESY
Ekspres ciśnieniowy BEKO CEG5311X;849.99;EKSPRESY
Ekspres ciśnieniowy DELONGHI ECP33.21W;619.00;EKSPRESY
Ekspres ciśnieniowy DELONGHI Dedica Style EC685.BK;579.00;EKSPRESY
Ekspres ciśnieniowy ETA STRETTO 218090000;479.00;EKSPRESY
Ekspres ciśnieniowy KRUPS KP1701 Dolce Gusto Infinissima;379.00;EKSPRESY
Czajnik BOSCH TWK 7203;499.00;CZAJNIKI
Czajnik ELECTROLUX EEWA 7800;349.00;CZAJNIKI
Czajnik ELECTROLUX EEWA7700R;319.00;CZAJNIKI
Czajnik PROFICOOK PC-TKS 1056;289.99;CZAJNIKI
Czajnik MORPHY RICHARDS New Accents Srebrny 102022;259.00;CZAJNIKI
Czajnik CLATRONIC CZAJNIK INOX PC-WKS 1192;239.00;CZAJNIKI
Czajnik MORPHY RICHARDS Vector Jug Czarny 108311;229.99;CZAJNIKI
Czajnik DELONGHI Brillante KBJ 2001.BK;199.00;CZAJNIKI
Czajnik RUSSELL HOBBS 21885-70 Legacy Red;189.99;CZAJNIKI
Czajnik ZELMER ZCK1274C;169.99;CZAJNIKI
Czajnik ELECTROLUX EEWA 5230 INOX;149.00;CZAJNIKI
Czajnik RUSSELL HOBBS 26051-70;149.00;CZAJNIKI
Czajnik PHILIPS HD 9320/20;129.99;CZAJNIKI
Czajnik RUSSELL HOBBS BUCKINGHAM 20460-70;120.00;CZAJNIKI
Czajnik PHILIPS HD9350/91;114.53;CZAJNIKI
Czajnik CLATRONIC WK 3691 BIAŁY;109.99;CZAJNIKI
Czajnik OPTIMUM CJS-1310 kółka;99.99;CZAJNIKI
Czajnik BOMANN WKS 1356 CB;93.20;CZAJNIKI
RUSSELL HOBBS Czajnik Travel 23840-70;89.00;CZAJNIKI
Czajnik CLATRONIC WK 3452 Czarny;79.99;CZAJNIKI
Czajnik AMICA CZAJNIK KD 1012;79.99;CZAJNIKI
Czajnik RAVANSON CB-7015;59.99;CZAJNIKI
Czajnik BOMANN WK 1542 CB WANILIA;50.90;CZAJNIKI
Czajnik LAFE CEG011.2 SZARY LAFCZA46306;49.99;CZAJNIKI
Czajnik MPM MCZ-66;49.99;CZAJNIKI
Czajnik ESPERANZA EKK020;39.99;CZAJNIKI
Czajnik ESPERANZA EKK004I;29.99;CZAJNIKI
Czajnik ESPERANZA EKK004S;29.99;CZAJNIKI
Czajnik ESPERANZA EKK018G;24.99;CZAJNIKI
Kawa ziarnista LAVAZZA Qualita Oro Mountain Grown 1000g;89.99;KAWY
Kawa ziarnista GRANO BRAZYLIA YELLOW BURBON 1000g;89.99;KAWY
GRANO Kawa ziarnista CUBA 1000g;88.88;KAWY
Kawa ziarnista GRANO BRAZYLIA GRANO 1000g;84.99;KAWY
Kawa ziarnista VASPIATTA AFRICANA 1kg;79.99;KAWY
Kawa ziarnista GRANO DOMINIKANA 500g;54.99;KAWY
Kawa ziarnista TCHIBO Davidoff Espresso 57 0,5kg;49.99;KAWY
TCHIBO Kawa ziarnista Espresso Milano Style 0,5kg;49.99;KAWY
Kawa ziarnista MOKATE ESPRESSO 1kg;39.99;KAWY
Kawa ziarnista WOSEBA Cafe Brasil 500g;27.99;KAWY
Kawa ziarnista GRANO BRAZYLIA GRANO 250g;24.99;KAWY
Młynek elektryczny RUSSELL HOBBS 23120-56;218,99;MŁYNKI-ELEKTRYCZNE
Młynek elektryczny MPM MMK-05;149.99;MŁYNKI-ELEKTRYCZNE
Młynek elektryczny ELDOM MK160;119.00;MŁYNKI-ELEKTRYCZNE
Młynek elektryczny BOSCH TSM6A011W;89.99;MŁYNKI-ELEKTRYCZNE
Młynek elektryczny MPM 02M INOX;79.99;MŁYNKI-ELEKTRYCZNE
Młynek elektryczny ETA Fragranza 006690000;69.00;MŁYNKI-ELEKTRYCZNE
Młynek elektryczny AURORA AU348;62.00;MŁYNKI-ELEKTRYCZNE
Młynek elektryczny OPTIMUM RK-0152;59.99;MŁYNKI-ELEKTRYCZNE
Młynek elektryczny METROX ME-1497 Czarny;49.99;MŁYNKI-ELEKTRYCZNE
Młynek elektryczny ST-MC1231 Czarny;49.00;MŁYNKI-ELEKTRYCZNE
Młynek elektryczny ESPERANZA EKC001W;34.99;MŁYNKI-ELEKTRYCZNE
Młynek elektryczny ESPERANZA EKC002K;29.99;MŁYNKI-ELEKTRYCZNE
Młynek elektryczny ESPERANZA EKC007W;24.99;MŁYNKI-ELEKTRYCZNE
Robot sprzątający ECOVACS DEEBOT PRO930;3176.99;ODKURZACZE
Robot sprzątający ROBOROCK S6 Max V czarny;2395.00;ODKURZACZE
Odkurzacz bezprzewodowy PHILIPS SPEEDPRO MAX AQUA XC8147/01;2270.79;ODKURZACZE
Robot sprzątający NEATO ROBOTICS BOTVAC D85;2099.99;ODKURZACZE
Robot sprzątający PURON PR10;1999.00;ODKURZACZE
Odkurzacz ELECTROLUX PI91-5MBM PURE automatyczny;1949.00;ODKURZACZE
Odkurzacz bezprzewodowy DYSON V8 ABSOLUTE NEW BEZPRZEWODOWY;1599.99;ODKURZACZE
Odkurzacz piorący NUMATIC George GVE370 piorący;1499.99;ODKURZACZE
Odkurzacz bezprzewodowy ELECTROLUX PUREQ9 PQ91-ALRGY;1199.00;ODKURZACZE
Odkurzacz BISSELL 2166N MULTIREACH 36V;1038.99;ODKURZACZE
Robot sprzątający Everybot Automatyczny robot MOP EVERYBOT EDGE;999.99;ODKURZACZE
Robot sprzątający MAMIBOT ROBOT CZYSZCZĄCY SZYBY iGlassBot W110-T;899.00;ODKURZACZE
Odkurzacz BOSCH BBH3ZOO25;849.00;ODKURZACZE
Odkurzacz HOOVER HGO320H 011;699.99;ODKURZACZE
Robot sprzątający XIAOMI MI ROBOT VACUUM MOP ESSENTIAL;649.99;ODKURZACZE
Odkurzacz piorący HYUNDAI VC5750;566.77;ODKURZACZE
Odkurzacz workowy TEFAL Xtrem Power TW6886 4A Animal Care ze szczotką 2w1 do dywanów i podłóg;555.66;ODKURZACZE
Odkurzacz bezworkowy BOSCH BGS05X240;469.77;ODKURZACZE
Odkurzacz workowy ELECTROLUX PowerForce EPF61RR;399.99;ODKURZACZE
Odkurzacz workowy HOOVER TELIOS EXTRA TX50PET 011;369.99;ODKURZACZE
Odkurzacz workowy ETA TIAGO BLUE TURBO 450790000;359.99;ODKURZACZE
Odkurzacz bezworkowy TESLA AEROSTAR T500;319.99;ODKURZACZE
Odkurzacz bezworkowy SENCOR SVC 1011BL-EUE2;309.99;ODKURZACZE
Odkurzacz bezworkowy ELECTROLUX EAPC52LR;256.55;ODKURZACZE
Odkurzacz workowy BOMANN BS 9019 CB;209.00;ODKURZACZE
Odkurzacz workowy ELDOM OS900;159.99;ODKURZACZE
Stacja pary TEFAL Pro Express Ultimate Care GV9570 AntiCalc;1149.99;ŻELAZKA
Stacja pary TEFAL Pro Express Ultimate Care GV9591;1123.60;ŻELAZKA
Stacja pary PHILIPS PerfectCare Aqua GC9315/30;799.99;ŻELAZKA
Stacja pary BRAUN IS 2043 BL;559.99;ŻELAZKA
Żelazko PHILIPS GC5034/20;499.99;ŻELAZKA
Żelazko ZELMER ZIR3200 HEALTHY;449.99;ŻELAZKA
Żelazko PHILIPS GC4932/20;389.00;ŻELAZKA
Żelazko BRAUN SI 7065 BL;289.77;ŻELAZKA
Żelazko BOSCH TDI 902431E;299.84;ŻELAZKA
Żelazko PHILIPS GC4521/20;289.00;ŻELAZKA
Żelazko TEFAL Turbo Pro FV5615 Durilium AirGlide;279.00;ŻELAZKA
Żelazko BOSCH TDA 703021A;269.88;ŻELAZKA
Żelazko MORPHY RICHARDS Turbosteam PRO, Niebieskie, 303111;249.99;ŻELAZKA
Żelazko RUSSELL HOBBS 25090-56;239.99;ŻELAZKA
Żelazko MORPHY RICHARDS Breeze Ionic, 300259;229.00;ŻELAZKA
Żelazko PHILIPS GC4506/20;199.99;ŻELAZKA
Żelazko TEFAL EasyGliss FV3970 Durilium;189.99;ŻELAZKA
Żelazko BOSCH TDA 502412E;189.99;ŻELAZKA
Żelazko BOSCH TDA 3024110;189.99;ŻELAZKA
Żelazko BOSCH TDA 3024010;177,77;ŻELAZKA
Żelazko PHILIPS EASY SPEED GC2670/20;169.00;ŻELAZKA
Żelazko TEFAL FV1844 Maestro;119.00;ŻELAZKA
Żelazko BEKO SIM3126R;109.99;ŻELAZKA
Żelazko PHILIPS GC 2505/06;99.99;ŻELAZKA
Żelazko SATURN ST-CC7128;89.99;ŻELAZKA
Żelazko AURORA AU3163;89.90;ŻELAZKA
Żelazko PHILIPS GC1742/40;79.99;ŻELAZKA
Żelazko LAFE ZPH-201;49.99;ŻELAZKA
Żelazko SATURN ST-CC7142 Pomarańczowy;39.99;ŻELAZKA
TEFAL Deska do prasowania IB5100;399.00;DESKI
LEIFHEIT Deska do prasowania AirBoard Express L Solid (72567);299.00;DESKI
LEIFHEIT Deska do prasowania AirBoard M Solid Plus NF 72588;289.00;DESKI
METROX Deska do prasowania 'Leader Pro' (1641);238.00;DESKI
LEIFHEIT Deska do prasowania AirBoard M Solid 72563;229.99;DESKI
VILEDA DESKA DO PRASOWANIA Total Reflect Plus;219.99;DESKI
RORETS Deska do prasowania SMILLA (monstera blue);199.99;DESKI
VILEDA Deska do prasowania Perfect 2in1 Plus;199.98;DESKI
LEIFHEIT Deska do prasowania Classic Express M Compact 72582;199.88;DESKI
RORETS Deska do prasowania EMMA Chrome (floral blue) 9600-81150;179.00;DESKI
LEIFHEIT Deska do prasowania Classic M Basic (72577);149.99;DESKI
RORETS Deska do prasowania NEXT biała (forest blue);109.99;DESKI
RORETS Deska do prasowania ANDANTE (kolibri blue);89.99;DESKI
LEIFHEIT Deska do prasowania AirBoard Table Compact 72583;79.99;DESKI
LEIFHEIT Suszarka Pegasus 200 Solid Deluxe Mobile (81517);219.00;SUSZARKI-DO-UBRAŃ
LEIFHEIT Suszarka Pegasus 150 Solid Slim (81570);169.00;SUSZARKI-DO-UBRAŃ
LEIFHEIT Suszarka Roma 150 Flex, stal nierdzewna (81156);159.99;SUSZARKI-DO-UBRAŃ
LEIFHEIT Suszarka na pranie Classic 200 Flex (81408);106.37;SUSZARKI-DO-UBRAŃ
LEIFHEIT Suszarka Classic 200 Easy (81539);99.99;SUSZARKI-DO-UBRAŃ
VILEDA Suszarka na pranie Extra;89.99;SUSZARKI-DO-UBRAŃ
Suszarka do włosów REMINGTON EC9001 Hydraluxe PRO;618.00;SUSZARKI-DO-WŁOSÓW
Suszarka do włosów BABYLISS 6750DE;549.99;SUSZARKI-DO-WŁOSÓW
Suszarka do włosów REMINGTON D4200;309.99;SUSZARKI-DO-WŁOSÓW
Suszarka do włosów BRAUN HD785 DF;289.77;SUSZARKI-DO-WŁOSÓW
Suszarka do włosów BABYLISS 6715DE;259.00;SUSZARKI-DO-WŁOSÓW
Suszarka do włosów BABYLISS SHINE PRO 2200 6713DE;209.00;SUSZARKI-DO-WŁOSÓW
Suszarka do włosów BRAUN HD350;139.00;SUSZARKI-DO-WŁOSÓW
Suszarka do włosów PHILIPS HP8233/00;136.00;SUSZARKI-DO-WŁOSÓW
Suszarka do włosów BABYLISS D373E CORD KEEPER 2000W ZWIJANY KABEL;129.99;SUSZARKI-DO-WŁOSÓW
Suszarka do włosów BLAUPUNKT HDA601GD;119.99;SUSZARKI-DO-WŁOSÓW
Suszarka do włosów BABYLISS D570DE TURBO SHINE 2200W;109.00;SUSZARKI-DO-WŁOSÓW
Suszarka do włosów BABYLISS D342E;99.99;SUSZARKI-DO-WŁOSÓW
Suszarka do włosów MPM MSW-15;89.99;SUSZARKI-DO-WŁOSÓW
Suszarka do włosów BABYLISS 5250E;85.55;SUSZARKI-DO-WŁOSÓW
Suszarka do włosów PROFICARE PC-HT 3010 BIAŁA;69.99;SUSZARKI-DO-WŁOSÓW
Suszarka do włosów PHILIPS BHD300/00;69.00;SUSZARKI-DO-WŁOSÓW
Suszarka do włosów PHILIPS HP 8103/00;49.99;SUSZARKI-DO-WŁOSÓW
PRZEDŁUŻONA GWARANCJA DO 3 LAT;200.00;PRZEDŁUŻONA-GWARANCJA
PRZEDŁUŻONA GWARANCJA DO 3 LAT;222.33;PRZEDŁUŻONA-GWARANCJA
PRZEDŁUŻONA GWARANCJA DO 5 LAT;430.00;PRZEDŁUŻONA-GWARANCJA
UBEZPIECZENIE;100.00;UBEZPIECZENIE
UBEZPIECZENIE;200.00;UBEZPIECZENIE
UBEZPIECZENIE;300.00;UBEZPIECZENIE
UBEZPIECZENIE;500.00;UBEZPIECZENIE
UBEZPIECZENIE;777.77;UBEZPIECZENIE
Pakiet Netflix;66.77;NETFLIX
Pakiet Netflix;123.77;NETFLIX